fn,gain_r,gain_g,gain_b
jiuyuan_00001,0.934552801306816,1.00339070364653,1.1154642082296133
jiuyuan_00002,0.9583640802611866,0.999583476254489,1.0595341747126745
jiuyuan_00003,0.9851039727942622,0.9941703907839099,1.0234680940914258
jiuyuan_00004,0.888746799416407,1.0642627796328687,1.2344578333903407
jiuyuan_00005,0.909055727446666,1.040866415169003,1.1459173514201124
jiuyuan_00006,0.9804692726317875,1.0012150109562628,1.021219458577624
jiuyuan_00007,0.9849621328027817,0.9988350235493157,1.018128842314226
jiuyuan_00008,0.8965988236276756,1.0643955976464379,1.1712167374519622
jiuyuan_00009,0.981448614935707,0.9972950068669486,1.0245233209328393
jiuyuan_00010,0.9088316077838332,1.0582264304887596,1.1175525112886422
jiuyuan_00011,0.9177349927603998,1.0307747649453056,1.1252877625108535
jiuyuan_00012,0.8918111437981934,1.0525652504281793,1.2386607745871923
jiuyuan_00013,0.8846798584052289,1.1192712699914904,1.162327231507004
jiuyuan_00014,0.9126534366966012,1.0458689199276852,1.1204350954069786
jiuyuan_00015,0.9604969777773481,1.0324750732442984,1.0175426025848002
jiuyuan_00016,0.9356394030377837,1.0553888575068422,1.0409939681390363
jiuyuan_00017,0.9908562629536641,1.002629333051057,1.0070070282025974
jiuyuan_00018,0.9558784735365073,1.0201520721743265,1.0374850436174337
jiuyuan_00019,0.9132555067558991,1.0720895303329359,1.0835819254807257
jiuyuan_00020,0.8714344049479694,1.1297617671462616,1.272420517126488
jiuyuan_00021,0.9027859759831951,1.045133506800999,1.1721391295965686
jiuyuan_00022,0.8646260854643536,1.1844945118338859,1.2646515554691362
jiuyuan_00023,0.937189859148056,1.0318008594990908,1.0624089099698664
jiuyuan_00024,0.9410539478038634,1.0414791357301776,1.0430475550328355
jiuyuan_00025,0.9306650273013362,1.0513326782668075,1.056169989850215
jiuyuan_00026,0.8564961089960987,1.2164845094169463,1.359552072693582
jiuyuan_00027,0.9588606271379021,1.0264746427096079,1.0257662079671794
jiuyuan_00028,0.8974929720264311,1.1136976506145333,1.100646737606142
jiuyuan_00029,0.9202745558692433,1.0472326536377246,1.0901955726976578
jiuyuan_00030,0.9413288311360438,1.0315050966169736,1.053249919281731
jiuyuan_00031,0.9135251184649936,1.0720501613568707,1.0827351620868488
jiuyuan_00032,0.9202745558692433,1.0472326536377246,1.0901955726976578
jiuyuan_00033,0.9085528893382402,1.07196899131816,1.1004459133283728
jiuyuan_00034,0.8834868359194595,1.088478450858174,1.2250134843036442
jiuyuan_00035,0.9122560310208909,1.0608930339891194,1.1002866086232608
jiuyuan_00036,0.9642205750931331,1.009430180636697,1.0356563468659166
jiuyuan_00037,0.9864811369101109,0.9992497653021877,1.0157695438346244
jiuyuan_00038,0.878557262363432,1.1277280461734036,1.197423381330751
jiuyuan_00039,0.9769298037918362,1.0045013993869785,1.0222585935051067
jiuyuan_00040,0.9767469060175539,1.002828560694855,1.0244282711081472
jiuyuan_00041,0.8837381453184503,1.0673169578829476,1.2828858370483676
jiuyuan_00042,0.986216580147592,0.9925725368685981,1.0239901041936155
jiuyuan_00043,1.0626989724197038,1.0456706696218843,0.930487250843106
jiuyuan_00044,0.982920373207917,1.0076246759695737,1.011145959298737
jiuyuan_00045,0.9570695977481924,1.0125448890030917,1.0443229501843259
jiuyuan_00046,0.9783082352714594,1.006923383117113,1.0177303440672472
jiuyuan_00047,0.937528467962218,1.022900473803019,1.0732297923989287
jiuyuan_00048,0.9436211311400359,1.0296695515899112,1.0504239689846067
jiuyuan_00049,0.8950817383344909,1.0565271809133727,1.1990754408426239
jiuyuan_00050,0.9143615488881794,1.039322393833401,1.1241840003739259
jiuyuan_00051,0.9368834214372542,1.021540028564973,1.076850938898596
jiuyuan_00052,0.9044161993720026,1.0633155353105983,1.1297685410064198
jiuyuan_00053,0.9138908288867079,1.0733716738074028,1.0801466154988932
jiuyuan_00054,0.9380988841995929,1.0088591392893107,1.0936953813540569
jiuyuan_00055,0.9563674205227305,1.0085828736994784,1.0507422934952606
jiuyuan_00056,0.9247184507981476,1.0251236330753724,1.1085057966648355
jiuyuan_00057,0.9887303790917275,0.9986800361740961,1.0136863180625988
jiuyuan_00058,0.9357286922700896,1.0291719908516397,1.069354383173524
jiuyuan_00059,0.934138998604508,1.035898112364989,1.0648946286513632
jiuyuan_00060,0.9929013269524902,1.011339828974095,0.9964206686352526
jiuyuan_00061,0.9898546572275111,1.001041133129348,1.0098061414161656
jiuyuan_00062,0.964540113818529,0.9955964601642491,1.0535414975197375
jiuyuan_00063,0.9824718495680894,0.9958247041232077,1.024931417440626
jiuyuan_00064,0.9304509908699843,1.0221173065337277,1.0944464614803937
jiuyuan_00065,0.892516090938206,1.092876641762781,1.1489360963454014
jiuyuan_00066,0.917578351878705,1.0481682476194005,1.0980744811584728
jiuyuan_00067,0.9844833048386875,1.0013022034182137,1.0159534172658626
jiuyuan_00068,0.9675612738719689,1.0082088603620807,1.0317333152799955
jiuyuan_00069,0.8771992644950121,1.0961585095421866,1.2787837558991118
jiuyuan_00070,0.9659391977195808,1.0328805164741839,1.0094178713612874
jiuyuan_00071,0.9697132142426624,0.9949488737744266,1.0453173988539692
jiuyuan_00072,0.9305863010571523,1.0586157530988396,1.0491837072554298
jiuyuan_00073,0.9944263723358913,0.9952709993490477,1.0108960098252
jiuyuan_00074,0.8547520365618994,1.1896465989589589,1.5141371599688014
jiuyuan_00075,0.9558784735365073,1.0201520721743265,1.0374850436174337
jiuyuan_00076,0.8923103371867644,1.133195084057646,1.10589504630801
jiuyuan_00077,0.9163022576306573,1.079514176279406,1.066756585592245
jiuyuan_00078,0.8971233272463233,1.09625155337044,1.1203523564927
jiuyuan_00079,0.8915161183675908,1.1151937214637375,1.1268535717505117
jiuyuan_00080,0.8715533058177217,1.1470246679902805,1.2368501472654256
jiuyuan_00081,0.8643633668566567,1.1451281537970273,1.3590994353606731
jiuyuan_00082,0.8466925651825301,1.318357300883626,1.4795758284327232
jiuyuan_00083,0.97858833764446,1.0013267053499444,1.0236292609000532
jiuyuan_00084,0.9114502450116028,1.0405915389576992,1.1348417226999075
jiuyuan_00085,0.9126072876433894,1.0479537815660553,1.1173070160396725
jiuyuan_00086,0.946792952195477,1.0334201142151085,1.03990420636041
jiuyuan_00087,0.9302631464944954,1.0428124246042976,1.0665470044557583
jiuyuan_00088,0.9460112790378364,1.0236499702502515,1.0524857406008499
jiuyuan_00089,0.9311557390896282,1.0229961875575277,1.0908836431546358
jiuyuan_00090,0.875881271138383,1.129128689031803,1.220399145374254
jiuyuan_00091,0.8799375826455379,1.12062394488558,1.196484525033724
jiuyuan_00092,0.9111548410303026,1.0572879598876201,1.1093578329253608
jiuyuan_00093,0.8538986074927475,1.1792969890945364,1.6554591418848112
jiuyuan_00094,0.8968874650613999,1.0681042345333926,1.1624249741288506
jiuyuan_00095,0.8403099421988217,1.3733044315216618,2.1324415874876914
jiuyuan_00096,0.9005955377870933,1.0554713229349362,1.163797223748526
jiuyuan_00097,0.9281232991958425,1.0481359559415637,1.0660428547989187
jiuyuan_00098,0.988540007433563,1.0071776741564915,1.005020362807591
jiuyuan_00099,0.83881031806018,1.527373284330954,1.6456886110903277
jiuyuan_00100,0.9000008439364728,1.0649696228181647,1.1497540302865144
jiuyuan_00101,0.8457933782756063,1.4328160632754532,1.3675977863961333
jiuyuan_00102,0.8821335153420382,1.0510334319775947,1.394579033316779
jiuyuan_00103,0.8605075377535706,1.178692414111695,1.3515615888310504
jiuyuan_00104,0.8436411238697468,1.3263084802830363,1.6919372618672612
jiuyuan_00105,0.8379974329964678,1.4523323358001068,2.3597201814481408
jiuyuan_00106,0.8488354835447549,1.2414211793751613,1.629438430082155
jiuyuan_00107,0.8416069578673802,1.3692153702156336,1.7560119995408716
jiuyuan_00108,0.8836108565698126,1.1072682814684611,1.187641541536435
jiuyuan_00109,0.8504447925381098,1.2115975006707216,1.704879881402472
jiuyuan_00110,0.9764216254745202,1.0070353737742423,1.0201339744534172
jiuyuan_00111,0.8498371137408498,1.2584398233668108,1.4837772231206554
jiuyuan_00112,0.8569087086533077,1.2849094760989166,1.2582271703282648
jiuyuan_00113,0.8360151832509503,1.5657933402226123,2.6087383520770224
jiuyuan_00114,0.85227633843944,1.2084039795374468,1.5592791446163254
jiuyuan_00115,0.8995802601160471,1.0665498673885094,1.149406311703421
jiuyuan_00116,0.874408656296141,1.170211436649267,1.1784628440650717
jiuyuan_00117,0.8704803109285992,1.108003519944378,1.3557391499173872
jiuyuan_00118,0.8744006907145485,1.1082472217856234,1.284246741743567
jiuyuan_00119,0.8629539280681302,1.1389007990176847,1.4232256335876894
jiuyuan_00120,0.9370627384633103,1.050753576377239,1.0422875322742728
jiuyuan_00121,0.8863728360722416,1.0680425717911577,1.2483447959551106
jiuyuan_00122,0.866969637319802,1.1344496029066395,1.3358807290442571
jiuyuan_00123,0.8797463191922134,1.1117702564491074,1.213329057616132
jiuyuan_00124,0.8381917852398995,1.4673176580875873,1.9885550557697902
jiuyuan_00125,0.9260497748476687,1.0832098188369106,1.038899589209764
jiuyuan_00126,0.9693218430974828,1.0038485096051555,1.0342146279229867
jiuyuan_00127,0.9835491991362335,1.0008385122040055,1.017645585051449
jiuyuan_00128,0.9748819812703966,0.9971216801880629,1.034121236764534
jiuyuan_00129,0.9887303790917275,0.9986800361740961,1.0136863180625988
jiuyuan_00130,0.9660267665706055,1.0046036057323486,1.0385998094051043
jiuyuan_00131,0.9357286922700896,1.0291719908516397,1.069354383173524
jiuyuan_00132,0.934138998604508,1.035898112364989,1.0648946286513632
jiuyuan_00133,0.9688354546948332,1.0024946923952942,1.0366776535787747
jiuyuan_00134,0.9929013269524902,1.011339828974095,0.9964206686352526
jiuyuan_00135,1.0011348565414926,1.0066880829463314,0.99253434787339
jiuyuan_00136,0.9898546572275111,1.001041133129348,1.0098061414161656
jiuyuan_00137,0.9729036534934237,1.0036853654621987,1.028945466296047
jiuyuan_00138,0.9784887972615204,1.0167176267208522,1.0076475036244472
jiuyuan_00139,0.9285055907908274,1.0526766857073706,1.060117324753004
jiuyuan_00140,0.9768978000248658,0.9968949038776966,1.0314146361363399
jiuyuan_00141,0.9966578058228289,0.9948653114984873,1.0088794348581533
jiuyuan_00142,0.892516090938206,1.092876641762781,1.1489360963454014
jiuyuan_00143,0.9740709866976778,1.001240139385813,1.0301650509354294
jiuyuan_00144,0.9740963600315634,0.9959946676245836,1.0367961266291685
jiuyuan_00145,0.975202013726322,0.9965652480567562,1.0343577885193935
jiuyuan_00146,0.9779450181022543,0.9961661911159784,1.0308171796966656
jiuyuan_00147,0.9693743140462487,0.9991479359257756,1.04013590005447
jiuyuan_00148,0.8868412503367306,1.1097978921903229,1.16056702520386
jiuyuan_00149,0.8481094132311393,1.2659275187857875,1.5580586344258187
jiuyuan_00150,0.9097497102434127,1.0543743287228338,1.1193897872618892
jiuyuan_00151,0.895664847241815,1.0753869336279782,1.1571947284465272
jiuyuan_00152,0.9219449682794488,1.116637502292201,1.026310244044598
jiuyuan_00153,0.9173667407061106,1.0831231047435317,1.0605305522793855
jiuyuan_00154,0.9627388906421297,1.0072356344014068,1.0408493158802372
jiuyuan_00155,0.9521278965951926,1.014730413187353,1.051047352480752
jiuyuan_00156,0.9050201408864685,1.056269933787716,1.1381459880952474
jiuyuan_00157,0.8602770206183277,1.1472963710946136,1.4816560386371131
jiuyuan_00158,0.9561122589132353,1.0408348283370552,1.0168770331027583
jiuyuan_00159,0.8477667622507598,1.2413253335097534,1.76553441485911
jiuyuan_00160,0.9462332992312495,1.024955831820357,1.0504523982350216
jiuyuan_00161,0.8791605451836945,1.0940709857670423,1.2588671034632821
jiuyuan_00162,0.8949609716818334,1.067024707919999,1.176920404134757
jiuyuan_00163,0.86337990416095,1.2248738466775058,1.229415242678362
jiuyuan_00164,0.8438042835474923,1.3188338738221697,1.7135067604651661
jiuyuan_00165,0.9711446823351471,1.0171635510359407,1.0167735689164767
jiuyuan_00166,0.8959316285528104,1.062309870185748,1.1798801826975074
jiuyuan_00167,0.9019010489714395,1.0761634431847036,1.1231270844043428
jiuyuan_00168,0.8687657503706254,1.0902110076497147,1.5280237094619724
jiuyuan_00169,0.904694189597978,1.069640940875427,1.119326051637856
jiuyuan_00170,0.8777877689873725,1.1058053344930157,1.2461735477018943
jiuyuan_00171,0.9217860592895004,1.0545250088483042,1.0764691819362517
jiuyuan_00172,0.9192878003780887,1.0857371353909955,1.0532112475297581
jiuyuan_00173,0.8414769490095453,1.378617021252435,1.7276911662115155
jiuyuan_00174,0.8913190462785308,1.1054073315400572,1.1391854766245577
jiuyuan_00175,0.9182143395754856,1.064318474740105,1.0762406871878876
jiuyuan_00176,0.9022882747215433,1.090045200837096,1.1045530633666794
jiuyuan_00177,0.9121815304111763,1.062027406212095,1.099108984997113
jiuyuan_00178,0.845869917853633,1.2548007935821879,2.0438934838888243
jiuyuan_00179,0.8706578676337682,1.1316001834171054,1.2793721510810212
jiuyuan_00180,0.8933367146258471,1.1029254267919264,1.1313157906199771
jiuyuan_00181,0.9103131846946694,1.0509512198702722,1.122278419786105
jiuyuan_00182,0.8443902998435172,1.3286729969021673,1.6013062107936267
jiuyuan_00183,0.8476592756676228,1.2910144548319669,1.4985091244444382
jiuyuan_00184,0.8916819012633124,1.0455148455966154,1.2642677429319866
jiuyuan_00185,0.8392283013721544,1.4361393890853558,1.8659091150516876
jiuyuan_00186,0.8777721086502118,1.0914864783646365,1.2848322834043246
jiuyuan_00187,0.8524936710346609,1.2542581338434484,1.3912875863448617
jiuyuan_00188,0.8958914979884358,1.1739619152610994,1.06536155347451
jiuyuan_00189,0.8981466644770341,1.0552622486442709,1.179835988161397
jiuyuan_00190,0.9317537683662213,1.0614644987469477,1.0439346172600297
jiuyuan_00191,0.8726195544545999,1.120601006721706,1.2774687950144021
jiuyuan_00192,0.8506568680671313,1.2307565916500323,1.5465793230976754
jiuyuan_00193,0.8550277307049274,1.1762508196656494,1.5847004717819648
jiuyuan_00194,0.9221676228584482,1.0755956718436606,1.0543065439425439
jiuyuan_00195,0.8576456621928694,1.2099517662539319,1.3455191498492831
jiuyuan_00196,0.8820541271924217,1.143383636447179,1.151455564193784
jiuyuan_00197,0.8906496348170552,1.0701666151878804,1.2023911810130152
jiuyuan_00198,0.8600085379379342,1.2215312397016589,1.2800070046628829
jiuyuan_00199,0.8475538384672383,1.2807221324917577,1.5375807516734992
jiuyuan_00200,0.8911574152789873,1.0814584219700827,1.1758252769924586
jiuyuan_00201,0.9010169162780903,1.060926590769006,1.1511441234174304
jiuyuan_00202,0.9898002552994412,1.0005153879577793,1.0104299392815141
jiuyuan_00203,0.9145770734472793,1.052396247479377,1.1030502455205329
jiuyuan_00204,0.9060876734436157,1.1004936332017752,1.0800603854973942
jiuyuan_00205,0.9264571454864332,1.047674205860956,1.0710676181573022
jiuyuan_00206,0.979597317474902,1.0293173978058894,0.9954852588500434
jiuyuan_00207,0.8814656914706831,1.1471161270335604,1.15138952223522
jiuyuan_00208,0.8605933935327709,1.2151585195760317,1.2795716012617657
jiuyuan_00209,0.8441989860140091,1.2960143361185599,1.8338854412944838
jiuyuan_00210,0.843082836360725,1.3422322554972361,1.6812202232557054
jiuyuan_00211,0.8514418786688615,1.2495664921472092,1.4389073265953136
jiuyuan_00212,0.91702595676036,1.0416079611338103,1.1097287000834652
jiuyuan_00213,0.9113613009120357,1.0611337931139286,1.1033391077605241
jiuyuan_00214,0.950893639312204,1.0189481637246558,1.048233328338679
jiuyuan_00215,0.9711446823351471,1.0171635510359407,1.0167735689164767
jiuyuan_00216,0.884342072384891,1.0880559224441215,1.217736272080679
jiuyuan_00217,0.9400162014496602,1.0360296982573207,1.0510061079204536
jiuyuan_00218,0.9371759154792326,1.0550009229460102,1.0381500138201372
jiuyuan_00219,0.9119101334877742,1.0440684378730098,1.1266194075344453
jiuyuan_00220,0.8955643791615006,1.076721090434223,1.1555873167723942
jiuyuan_00221,0.8679221373001331,1.1165739729728699,1.380436352929913
jiuyuan_00222,0.9233071517813709,1.0465312736960404,1.08155599998626
jiuyuan_00223,0.8898488600238625,1.1104179652245805,1.1413486905475732
jiuyuan_00224,0.8515205440404252,1.3001997808718089,1.3437914244065585
jiuyuan_00225,0.8544545418425898,1.2305337523558224,1.3838829454826993
jiuyuan_00226,0.9330138117537173,1.0263500383304152,1.080453911662379
jiuyuan_00227,0.8518347681648712,1.2594107155389946,1.401419457622695
jiuyuan_00228,0.8429784689638151,1.3132010843163981,1.9490800298308584
jiuyuan_00229,0.868517138598351,1.1545919241181075,1.2615853287925092
jiuyuan_00230,0.9672829574322724,1.055416284174157,0.9910266147527891
jiuyuan_00231,0.935345653756851,1.085287267618656,1.0187253670120027
jiuyuan_00232,0.9299216866679448,1.0664394244052056,1.0436673627123187
jiuyuan_00233,0.8541345819012176,1.2174595374072974,1.428833195253957
jiuyuan_00234,0.9011127961643282,1.05822269793475,1.1554991198592965
jiuyuan_00235,0.9345537581768104,1.0678791571892714,1.0326440972098956
jiuyuan_00236,0.9421236304210785,1.0471735134052986,1.0354114075460192
jiuyuan_00237,0.867199994950985,1.1530368475639523,1.283874473261498
jiuyuan_00238,0.8614276605090718,1.1703541158378976,1.35222768848522
jiuyuan_00239,0.965002778955141,1.017816080610189,1.0250137586323649
jiuyuan_00240,0.9811217143696617,1.0130263409436182,1.0079556394114564
jiuyuan_00241,0.9926823335892464,0.9925896970356751,1.0159712668181633
jiuyuan_00242,0.9285111250714985,1.03325838174676,1.083606838739048
jiuyuan_00243,0.9036711088424115,1.0398019999103347,1.1789015070591016
jiuyuan_00244,0.9590707118014165,1.0270206480259303,1.0248898628946477
jiuyuan_00245,0.9815472656994262,1.002475961395401,1.0183774618062862
jiuyuan_00246,0.9820564043484724,0.997791154494388,1.0231128908270408
jiuyuan_00247,0.980424123480006,1.002158848156712,1.0202026028077564
jiuyuan_00248,0.9840264694162055,1.010527474774392,1.0069203592557756
jiuyuan_00249,0.9225066023955454,1.0345675636549558,1.100817616049117
jiuyuan_00250,0.9044136148140665,1.0578685606915683,1.1384891873612217
jiuyuan_00251,0.8975072197073034,1.0477815762785554,1.20234241142524
jiuyuan_00252,0.9526684965861385,1.0086732736365553,1.058041811232155
jiuyuan_00253,0.9509186179690527,1.0475138861005,1.0195000880321785
jiuyuan_00254,0.922276093818491,1.046714750716775,1.084485288187246
jiuyuan_00255,1.0000291755142592,1.0080364296984354,0.9923639926842712
jiuyuan_00256,0.9511978965814027,1.0211627105168322,1.0449876069343473
jiuyuan_00257,0.9698154349878763,1.002813309422269,1.0347198793256098
jiuyuan_00258,0.9627171754920405,1.0201199887260761,1.0261324163272731
jiuyuan_00259,0.9656920916533125,1.0075915379770588,1.035456932014419
jiuyuan_00260,0.9812702813103796,1.012853987096827,1.0079427854658032
jiuyuan_00261,0.9763200152894077,1.0077438234230693,1.0194998425622124
jiuyuan_00262,0.9752721079368838,1.0012203614728448,1.0284296009635467
jiuyuan_00263,0.9789824693728585,0.9976117926028288,1.0275326521841375
jiuyuan_00264,0.9718552603612219,1.0041440034350593,1.029961516959665
jiuyuan_00265,0.9761386854727392,1.005262336268145,1.022490592581367
jiuyuan_00266,0.967695621759616,1.0214939229256328,1.0173356511358012
jiuyuan_00267,0.9755592166365542,0.9987335490494105,1.031063766682248
jiuyuan_00268,0.9280625910143874,1.0337239469146642,1.084284445133336
jiuyuan_00269,0.8827397038546737,1.0941023493328788,1.2198424041990958
jiuyuan_00270,0.9747805050877121,1.0041276046275671,1.0256971114112197
jiuyuan_00271,0.9912698630640315,0.9893651059025466,1.0215869240781936
jiuyuan_00272,0.9456451726216488,1.0004309060489713,1.087606670215378
jiuyuan_00273,0.9591405221206184,1.0063870466259266,1.0484030379497273
jiuyuan_00274,0.9065329537570077,1.041140919566063,1.1587521757747723
jiuyuan_00275,0.9617118550667031,1.00860336780892,1.04091617389984
jiuyuan_00276,0.9782908836117428,0.997332051586412,1.0288558395660177
jiuyuan_00277,0.9120633410212309,1.0426593682463325,1.1283677546612536
jiuyuan_00278,0.9889334322247405,1.0116135858638065,1.0003528476768735
jiuyuan_00279,0.9891190308561625,0.9997199807640121,1.012082948240787
jiuyuan_00280,0.9775821676311212,1.0067169082178582,1.0189176471652681
jiuyuan_00281,0.9986742346284396,1.0026954067973737,0.998668010577551
jiuyuan_00282,0.9801657078660041,0.9953006067007186,1.0287497857951156
jiuyuan_00283,0.963668522188939,1.015494403732125,1.0295883481640111
jiuyuan_00284,0.971018713237624,1.0060351802514431,1.0289804979475736
jiuyuan_00285,0.9536283817761897,1.019148849425307,1.0427351605734942
jiuyuan_00286,0.9369415907677187,1.0296863321395202,1.0656545776212523
jiuyuan_00287,0.9730109986894211,1.0050915581437168,1.0271325938288505
jiuyuan_00288,0.9707654038817483,0.9988349420894305,1.038296001366566
jiuyuan_00289,0.9756224702671102,1.019857330417224,1.0082885298741149
jiuyuan_00290,0.9572750801805421,1.018239749130538,1.0371857449789288
jiuyuan_00291,0.9626659578785339,1.016534545947617,1.0300465520086832
jiuyuan_00292,0.976902769300632,1.0111613931369303,1.015116221861162
jiuyuan_00293,0.9763229219542555,1.0010214334463843,1.0271574484111152
jiuyuan_00294,0.9647654487499079,1.0108190799912202,1.0331272323344005
jiuyuan_00295,0.9693157733887873,1.0005439630283937,1.0384013077497194
jiuyuan_00296,0.9666464661076672,1.007463143023301,1.0340691495732237
jiuyuan_00297,0.9823973741169136,1.008575252526233,1.0108142691726136
jiuyuan_00298,0.9966747428883747,0.9973102184892335,1.0062124816949936
jiuyuan_00299,0.9590416622909458,1.011023881186741,1.0426248968820189
jiuyuan_00300,0.9371165993785626,1.0263668818745197,1.0695424471522472
jiuyuan_00301,0.9871539526212529,0.9923325632912688,1.0230763022224703
jiuyuan_00302,1.0094664583409285,1.0042500701022086,0.9872415724834143
jiuyuan_00303,0.965330588313973,1.0117609452379592,1.031136171382022
jiuyuan_00304,0.9700054796328232,0.9970784712067966,1.0418769714334748
jiuyuan_00305,0.9590960715505175,1.0090611856334575,1.0449972048789742
jiuyuan_00306,0.9757112109694258,1.0003023135379032,1.0289058691135742
jiuyuan_00307,0.9744165373015845,0.9991003013416911,1.032301315823138
jiuyuan_00308,0.9677045998899745,1.0094527829995716,1.0300627035568175
jiuyuan_00309,0.9830993310529546,1.0082672095824474,1.0102735439367234
jiuyuan_00310,0.9737252113731035,0.9968858738269373,1.0361957383673859
jiuyuan_00311,0.9240615485583301,1.0452288408432264,1.080927892888371
jiuyuan_00312,0.9672851544265755,1.0068894801008923,1.0337378422185763
jiuyuan_00313,0.9751300563899916,1.0131826157622466,1.0153875031049466
jiuyuan_00314,0.99200142824379,1.001444939372976,1.006955929015535
jiuyuan_00315,0.9263309245435949,1.0440556243212682,1.0757624214106465
jiuyuan_00316,0.9849783212681319,1.0114207666832855,1.004951094954914
jiuyuan_00317,0.9338550330360539,1.0380474383330958,1.0630286305401335
jiuyuan_00318,0.9277045342536878,1.0501934821113463,1.0648530941199321
jiuyuan_00319,0.9225142836507866,1.0477960214223927,1.0823791334230195
jiuyuan_00320,0.9091869693259541,1.0558560471762468,1.1195563512521725
jiuyuan_00321,0.9752359442510169,0.9980435856944248,1.0324110401286435
jiuyuan_00322,0.9695114213613153,1.007308367577317,1.0297725479731852
jiuyuan_00323,0.9663617349740162,1.002257756201784,1.0410500247657317
jiuyuan_00324,0.9862456674773888,0.9912018425294719,1.025675048936628
jiuyuan_00325,0.9865222694299012,0.9894606994998154,1.027548966755014
jiuyuan_00326,0.9102265134736144,1.047706105766742,1.1279473115242644
jiuyuan_00327,0.9583804171542428,1.009348127432159,1.0459420040277232
jiuyuan_00328,0.9149051480964928,1.0318382774035362,1.1355708721056612
jiuyuan_00329,0.981590472841311,0.9954624157434322,1.0265732348618142
jiuyuan_00330,0.9444511564987468,1.032197318366624,1.0458595302626958
jiuyuan_00331,0.973516410335793,0.9998848751525722,1.032670611068144
jiuyuan_00332,0.9769556090399887,0.9960857400441795,1.0323629503314178
jiuyuan_00333,0.8783569161642701,1.075470488343214,1.3356193059890575
jiuyuan_00334,0.9038327986581894,1.0742851789710222,1.116894288738708
jiuyuan_00335,0.9487074074581956,1.0284908326225375,1.04148388787887
jiuyuan_00336,0.975040120486476,1.000030830828222,1.0302182178367698
jiuyuan_00337,0.9749814085579883,1.0060610773586414,1.0232031572285238
jiuyuan_00338,0.9760456734475295,0.9938813262558691,1.0366206105631968
jiuyuan_00339,0.9583921004549293,1.0095879150073557,1.0456133361341655
jiuyuan_00340,0.9664998539621709,1.006536771829139,1.0354258758400687
jiuyuan_00341,0.9719840345951928,1.0088523918588168,1.0243442094014592
jiuyuan_00342,0.9649840562259207,1.0265769585580768,1.0163704449348787
jiuyuan_00343,0.9616724083622957,1.0076477014319105,1.042185984119896
jiuyuan_00344,0.9510112700819606,1.0109310768193245,1.0583871479949691
jiuyuan_00345,0.9530876634998328,1.008434851912447,1.0575039402544153
jiuyuan_00346,0.9541753214508917,1.0156453721381686,1.045910615884511
jiuyuan_00347,0.9237899641657832,1.0264993469725325,1.1094559077769235
jiuyuan_00348,0.962710568521213,1.0060298947478177,1.0424302091648165
jiuyuan_00349,0.9668395220469524,1.0015707779110696,1.0411451935610667
jiuyuan_00350,0.9807779313670684,1.0047070589170835,1.0169116113407157
jiuyuan_00351,0.9661715329914824,1.003517158399698,1.0397406055902287
jiuyuan_00352,0.9763398455238473,1.000198604628235,1.028124815332201
jiuyuan_00353,0.9440012921629797,1.0191008196574873,1.0627094754781745
jiuyuan_00354,0.961968018111068,1.0073664644764493,1.0420239851404594
jiuyuan_00355,0.9707632594146618,0.9982897844060812,1.0390175836387479
jiuyuan_00356,0.9673875918370134,0.9966882773599599,1.04684913029614
jiuyuan_00357,0.9759063436444879,0.9981709443447475,1.0312577011229995
jiuyuan_00358,0.9516617622994379,1.030434324583911,1.033954631071422
jiuyuan_00359,0.9100059976363265,1.0302666004043683,1.1635835790965063
jiuyuan_00360,0.904600089948803,1.037045725981562,1.179649928344507
jiuyuan_00361,0.9064245125314743,1.0446008114634975,1.1522522635485986
jiuyuan_00362,0.8972954656300446,1.0732959760849874,1.1510894461394696
jiuyuan_00363,0.9505746670715611,1.0502465276890107,1.0178305569796973
jiuyuan_00364,0.8901835727290552,1.1121124297685132,1.1374440021831975
jiuyuan_00365,0.8686257401943978,1.1236613601332428,1.3369851895769715
jiuyuan_00366,0.9532301532206057,1.02607572693747,1.0357091167826333
jiuyuan_00367,0.9283318681068303,1.1059998949525205,1.0193652317208053
jiuyuan_00368,0.8628247376315751,1.1860308190675746,1.2898943920193962
jiuyuan_00369,0.8418253085476292,1.3633826053213356,1.7522743416675566
jiuyuan_00370,0.871724218954553,1.163457328961222,1.2104495229862628
jiuyuan_00371,0.9479152195243529,1.0335000711600892,1.0376822623609556
jiuyuan_00372,0.9434359534870309,1.0404870101626016,1.0392502968460975
jiuyuan_00373,0.9551502603174994,1.0503035001664032,1.0107020693192879
jiuyuan_00374,0.9522893849576106,1.039938952313284,1.023768705244004
jiuyuan_00375,0.8500874781923307,1.2140139472045586,1.726126173571622
jiuyuan_00376,0.8739743786080424,1.100435993374302,1.31551134322141
jiuyuan_00377,0.863139576905969,1.1609967723723313,1.3392052064196012
jiuyuan_00378,0.8431290842620979,1.3485581193285059,1.6477797157559082
jiuyuan_00379,0.8699525714717592,1.1611588620623534,1.2326177927197586
jiuyuan_00380,0.8569398180420503,1.23977701561438,1.308312391294621
jiuyuan_00381,0.8458149056318437,1.3263931679793912,1.5075242130415298
jiuyuan_00382,0.8885176259253843,1.0676641915004617,1.2273879414612474
jiuyuan_00383,0.8397044388862915,1.3872789760973228,2.2804418508268753
jiuyuan_00384,0.8982053321196183,1.1066402619300173,1.1043719343527383
jiuyuan_00385,0.9658427053231471,1.0415240525244533,1.0025664883602956
jiuyuan_00386,0.9374290091796951,1.0559764262687232,1.0367702028967034
jiuyuan_00387,0.8575585694988966,1.1746467621295997,1.455860174031778
jiuyuan_00388,0.8786780346927927,1.1522487908168115,1.165040592791763
jiuyuan_00389,0.8701005317694365,1.1509297740503377,1.2475654607284115
jiuyuan_00390,0.8748316996766835,1.153860795067043,1.1937717520455111
jiuyuan_00391,0.8619862120058757,1.1733286613990805,1.3321240720158862
jiuyuan_00392,0.9694856831818482,1.0075479455596728,1.0295326327675751
jiuyuan_00393,0.8587984781985387,1.1560598745450903,1.4980101067142095
jiuyuan_00394,0.8737130204655029,1.1108419262264806,1.2872150586342728
jiuyuan_00395,0.862064732622704,1.1768120158664657,1.32234533832156
jiuyuan_00396,0.9333306066491059,1.0551765680810687,1.0461915623040763
jiuyuan_00397,0.8394467004002385,1.401777400485877,2.142639341336334
jiuyuan_00398,0.8776334917733369,1.180913427058303,1.1453726282112073
jiuyuan_00399,0.8435768970388562,1.2998196287109798,1.9584602000248206
jiuyuan_00400,0.9544716675814506,1.0749032039374058,0.9952292227749732
jiuyuan_00401,0.9019279015902135,1.0646720834724799,1.1399416553756636
jiuyuan_00402,0.9144764756032493,1.1054098685844451,1.050986368710443
jiuyuan_00403,0.8459496051259183,1.2674280565443958,1.7920086191996454
jiuyuan_00404,0.9875633395274326,1.0043994990693133,1.008936901373576
jiuyuan_00405,0.9583515043277352,1.0156037868600662,1.0383372097739771
jiuyuan_00406,0.8482906103274175,1.258220108303891,1.5799997847647076
jiuyuan_00407,0.8741102038211327,1.1134256011060317,1.2745025585875782
jiuyuan_00408,0.8415510037162062,1.3771593533500643,1.7234451977397132
jiuyuan_00409,0.8543514484435261,1.1936244082372625,1.5148284414300663
jiuyuan_00410,0.8497831882028695,1.2208759011143842,1.6928164913257764
jiuyuan_00411,0.9146481032170282,1.04976647612689,1.1065110489998742
jiuyuan_00412,0.8780319392756036,1.1628626196226137,1.1587229253185278
jiuyuan_00413,0.8462316161124775,1.329249458008918,1.4788239579413065
jiuyuan_00414,0.864404338173679,1.1718171762748528,1.2903905628732242
jiuyuan_00415,0.9041442806842649,1.0631143973983628,1.1313761284091406
jiuyuan_00416,0.8763704463121643,1.1445481191683564,1.1924601566289115
jiuyuan_00417,0.9572318625821558,1.0704102899158385,0.9942304653368129
jiuyuan_00418,0.8967900180412647,1.1040063575134251,1.113281693282317
jiuyuan_00419,0.9601145528132625,1.004096994161889,1.0496725292850708
jiuyuan_00420,0.8592660076807259,1.2403029620457608,1.2677808800782566
jiuyuan_00421,0.8617914149343014,1.2027860413051168,1.2788330065175195
jiuyuan_00422,0.9094068566425609,1.065069695224518,1.105758722844066
jiuyuan_00423,0.9328768467930741,1.036564783229055,1.0672789902941304
jiuyuan_00424,0.8926107575878921,1.0472054492318223,1.2480094751524613
jiuyuan_00425,0.9355674075318922,1.0208495041369152,1.0814242448056883
jiuyuan_00426,0.852018494041966,1.2525598889474767,1.4103799810812918
jiuyuan_00427,0.8997667062274654,1.0676669874961302,1.146516956315727
jiuyuan_00428,0.8916119642565988,1.0817313730798006,1.1722156200195748
jiuyuan_00429,0.9402553929968528,1.0450870058774298,1.0411039633896866
jiuyuan_00430,0.9243855600451267,1.063009896900084,1.0602095640362836
jiuyuan_00431,0.9472871923392981,1.0283497996713828,1.0444098610963055
jiuyuan_00432,0.9552372992374114,1.0474411160600814,1.0127961216404404
jiuyuan_00433,0.8723039789474218,1.0936426632769378,1.378517516101275
jiuyuan_00434,0.926149690644803,1.0260691185212794,1.101950770039209
jiuyuan_00435,0.8748030143164452,1.1217113021436795,1.2463458477849494
jiuyuan_00436,0.8602803625591029,1.1624141398765047,1.409189059112764
jiuyuan_00437,0.9658409667003742,1.0508270569636315,0.9958237788376543
jiuyuan_00438,0.961133085981544,1.0125539675133661,1.0371149905876393
jiuyuan_00439,0.9413740637742943,1.0430591127174649,1.040818985867595
jiuyuan_00440,0.9533363788611057,1.0110866757415549,1.0533819205964035
jiuyuan_00441,0.9532679937102095,1.0228128663803426,1.039204891183785
jiuyuan_00442,0.9348615793489246,1.0276313082011947,1.0736538364141575
jiuyuan_00443,0.9825856435808136,1.0301141144063384,0.9916008555724233
jiuyuan_00444,0.9242909869817112,1.0337166056204323,1.0961007255431772
jiuyuan_00445,0.9571986048891453,0.9981464155135519,1.0641375354577245
jiuyuan_00446,0.9497783809154366,1.0475304446877327,1.0213625636038766
jiuyuan_00447,0.9281518758578872,1.0436127710046403,1.0712250707297468
jiuyuan_00448,0.9224265029074513,1.0744096915022725,1.0546817035581835
jiuyuan_00449,0.9408601516299497,1.0539873907287833,1.0317603128462043
jiuyuan_00450,0.9953387770840993,0.9976101012205484,1.0073328526827585
jiuyuan_00451,0.964590331070706,0.9968798769732664,1.0515630239944476
jiuyuan_00452,0.935011137054285,1.0616384211876184,1.0368212659997238
jiuyuan_00453,0.9869491580670194,1.0135190323469494,1.0007686667204456
jiuyuan_00454,0.9764611570246786,1.0274553683716063,1.0006089850763078
jiuyuan_00455,0.9761717563564165,1.0493205450854481,0.9849599609150387
jiuyuan_00456,0.9474053166156691,1.059003552760511,1.0161837840960701
jiuyuan_00457,0.9356572362563418,1.0393423286198435,1.0571865531299018
jiuyuan_00458,0.9551837357663656,1.019816234578834,1.0391080705583682
jiuyuan_00459,0.9352218628057238,1.0630435014863762,1.0352107189336226
jiuyuan_00460,0.9337742076266474,1.0714937852570638,1.031397232912581
jiuyuan_00461,0.9729214286746214,1.0330623885921595,1.0002922400423986
jiuyuan_00462,0.8636448645874509,1.1902473064660528,1.2698903677929978
jiuyuan_00463,0.9611253150771706,1.1010645628043898,0.9741434395995539
jiuyuan_00464,0.9687407941831928,1.0354925376034871,1.0035598897549176
jiuyuan_00465,0.899852835447626,1.073040790232407,1.137599980401584
jiuyuan_00466,0.9882812843996827,0.9980873255509213,1.0148861270096352
jiuyuan_00467,0.982772026153399,0.9932630335407396,1.027716981904406
jiuyuan_00468,0.991515861200068,0.9941824097723027,1.0154856156956695
jiuyuan_00469,0.9820401468675818,1.0109669811871391,1.0088552260650925
jiuyuan_00470,0.9091530016773521,1.0480376947105354,1.1322868858989048
jiuyuan_00471,0.9493300181356796,0.9984408270268961,1.0816427947959135
jiuyuan_00472,0.9221893560190236,1.0330829132902435,1.1042532396410336
jiuyuan_00473,0.9322517010851371,1.0523584175729754,1.0513680736070499
jiuyuan_00474,0.9089374242743063,1.0474863495178668,1.1342506455949832
jiuyuan_00475,0.9177500975204037,1.0436357469856397,1.1039527256475294
jiuyuan_00476,0.9353088039875012,1.033177556411349,1.0653124210957285
jiuyuan_00477,0.9231968674620602,1.038085788707784,1.0932619313652003
jiuyuan_00478,0.9345948328839403,1.0307033029307082,1.0702640478360406
jiuyuan_00479,0.9179900920671051,1.0404591006840969,1.1078855310247018
jiuyuan_00480,0.9112654942653173,1.0630663338595479,1.1011959289815398
jiuyuan_00481,0.9153113930479603,1.0455807841592102,1.110180296431109
jiuyuan_00482,0.9989647224667215,1.0185441065325636,0.9845163995404114
jiuyuan_00483,0.9788364533478034,0.9959999552764377,1.0297478447651296
jiuyuan_00484,0.9851063155839143,0.9961502160766984,1.0210753274237259
jiuyuan_00485,0.9692009922760005,1.0038369358350032,1.0344193055039665
jiuyuan_00486,0.970698588912811,0.9967280397767778,1.0412153985659764
jiuyuan_00487,0.9742013219161212,0.9864474286059333,1.0503102034894944
jiuyuan_00488,0.990511189033863,0.9942040913228314,1.0166569457216097
jiuyuan_00489,0.9815472656994262,1.002475961395401,1.0183774618062862
jiuyuan_00490,0.980424123480006,1.002158848156712,1.0202026028077564
jiuyuan_00491,0.9225066023955454,1.0345675636549558,1.100817616049117
jiuyuan_00492,0.9044136148140665,1.0578685606915683,1.1384891873612217
jiuyuan_00493,0.9046282758016453,1.0490980252758115,1.1531548933419333
jiuyuan_00494,0.9160315905755084,1.0652910605261097,1.0819877897428278
jiuyuan_00495,0.9246222367580264,1.0241634905432475,1.1105263102568783
jiuyuan_00496,0.8876794149408592,1.084778562898538,1.1955847036132468
jiuyuan_00497,0.9887303790917275,0.9986800361740961,1.0136863180625988
jiuyuan_00498,1.0015283005416136,1.0008640969939502,0.9976380018058307
jiuyuan_00499,0.9961515038717763,1.0153845433516937,0.9896940785233836
jiuyuan_00500,0.9613286137603186,1.023930322848679,1.0244048935922168
jiuyuan_00501,0.9280625910143874,1.0337239469146642,1.084284445133336
jiuyuan_00502,0.8827397038546737,1.0941023493328788,1.2198424041990958
jiuyuan_00503,0.9747805050877121,1.0041276046275671,1.0256971114112197
jiuyuan_00504,0.9906544991848827,0.9953786855783108,1.0151254381566135
jiuyuan_00505,0.9714732082751547,1.0294642037125952,1.0050447925681145
jiuyuan_00506,0.9800344442909775,0.9958812456691044,1.0282047172505246
jiuyuan_00507,0.9904680118930326,1.0132734266791827,0.9972077714411508
jiuyuan_00508,0.993579166238742,1.005295264121086,1.001375721409935
jiuyuan_00509,0.9912698630640315,0.9893651059025466,1.0215869240781936
jiuyuan_00510,0.892382646197036,1.0620252178471599,1.2072946497300423
jiuyuan_00511,0.9318953344307128,1.0338017068068386,1.0733468423409145
jiuyuan_00512,0.9591405221206184,1.0063870466259266,1.0484030379497273
jiuyuan_00513,0.9065329537570077,1.041140919566063,1.1587521757747723
jiuyuan_00514,0.9205787798081164,1.0419074067293717,1.0965101364905536
jiuyuan_00515,0.9108513410851152,1.0497207057873668,1.1219106895783801
jiuyuan_00516,0.9215892301420453,1.057574138192054,1.0735931785760424
jiuyuan_00517,0.9918618968539492,1.0372336915066025,0.9774430042847592
jiuyuan_00518,0.989248692161328,0.9918801268595722,1.0209820553823614
jiuyuan_00519,0.9940673718764053,0.9995041874174743,1.0067092353720595
jiuyuan_00520,1.0115192509105073,1.0014603278863758,0.9879990364659738
jiuyuan_00521,0.9688220164950663,1.002450971972124,1.0367545541113485
jiuyuan_00522,0.9120633410212309,1.0426593682463325,1.1283677546612536
jiuyuan_00523,1.0067475802786465,0.9994565571541769,0.9940781319833785
jiuyuan_00524,0.9902519465190396,0.9991654674454379,1.0113651312894378
jiuyuan_00525,0.9775821676311212,1.0067169082178582,1.0189176471652681
jiuyuan_00526,0.9986742346284396,1.0026954067973737,0.998668010577551
jiuyuan_00527,0.9227823963223897,1.0385791841331768,1.0939112691622843
jiuyuan_00528,0.9141322714709313,1.065940687277564,1.0874986029404436
jiuyuan_00529,1.002951889562845,1.0187924841674902,0.9808190117083384
jiuyuan_00530,1.027231459651335,1.0145391631964327,0.9658449060839852
jiuyuan_00531,0.9211876866882444,1.0427978537227942,1.0932094781522912
jiuyuan_00532,1.0011348565414926,1.0066880829463314,0.99253434787339
jiuyuan_00533,0.9639070408375763,1.0334090531003315,1.0117740137409768
jiuyuan_00534,0.9756224702671102,1.019857330417224,1.0082885298741149
jiuyuan_00535,0.9427466604182237,1.032345420649502,1.0492378232279551
jiuyuan_00536,0.9513504427832401,1.0203185587618544,1.0456896824096027
jiuyuan_00537,0.9220877082428661,1.0510245470935387,1.0797011752738672
jiuyuan_00538,0.9027990190740035,1.049314450344093,1.1631050417378326
jiuyuan_00539,0.9468877305623604,1.0107784086164793,1.0677330570342578
jiuyuan_00540,0.9852981535429205,1.0003520805131256,1.0159960505866146
jiuyuan_00541,0.9213876612121176,1.0219432777100432,1.1271085103626157
jiuyuan_00542,0.9371165993785626,1.0263668818745197,1.0695424471522472
jiuyuan_00543,0.9871539526212529,0.9923325632912688,1.0230763022224703
jiuyuan_00544,0.9922528145351095,0.9937150409959832,1.0151601969403017
jiuyuan_00545,1.0094664583409285,1.0042500701022086,0.9872415724834143
jiuyuan_00546,1.0190241630199413,1.0082983945601265,0.9762285569606863
jiuyuan_00547,0.9220855435315874,1.0301448283977563,1.1094346752020303
jiuyuan_00548,0.9263309245435949,1.0440556243212682,1.0757624214106465
jiuyuan_00549,0.9338550330360539,1.0380474383330958,1.0630286305401335
jiuyuan_00550,0.9277045342536878,1.0501934821113463,1.0648530941199321
jiuyuan_00551,0.9225142836507866,1.0477960214223927,1.0823791334230195
jiuyuan_00552,0.9191644414893061,1.0691824258846132,1.0683925177065945
jiuyuan_00553,0.9091869693259541,1.0558560471762468,1.1195563512521725
jiuyuan_00554,0.9398218194566291,1.0220528170944125,1.0686318073869931
jiuyuan_00555,0.9225435911733916,1.0321932271941485,1.1044273743724318
jiuyuan_00556,0.9267459732245711,1.0243826860499377,1.1027393085008774
jiuyuan_00557,0.9429029750822802,1.0247347448359472,1.0579032129448778
jiuyuan_00558,0.9052586049091446,1.0517913550259463,1.144759157083007
jiuyuan_00559,0.9102265134736144,1.047706105766742,1.1279473115242644
jiuyuan_00560,0.9583804171542428,1.009348127432159,1.0459420040277232
jiuyuan_00561,0.9053176630200348,1.057423906835868,1.1347643192664576
jiuyuan_00562,0.9890076559539336,0.9960436059702956,1.016334304878671
jiuyuan_00563,0.9806195830355016,0.9974422335434899,1.0254719161054031
jiuyuan_00564,0.9853719633121605,1.0036374195675832,1.0123307389121174
jiuyuan_00565,0.9911940946565607,0.9950606479558632,1.0148521698639634
jiuyuan_00566,0.991483216281956,0.9936073399696721,1.0161943500497232
jiuyuan_00567,0.8783569161642701,1.075470488343214,1.3356193059890575
jiuyuan_00568,0.9038327986581894,1.0742851789710222,1.116894288738708
jiuyuan_00569,0.9030260778953809,1.1006994795001397,1.090840397561572
jiuyuan_00570,0.916648637347237,1.0456772405170254,1.104982156541177
jiuyuan_00571,0.9315261186254444,1.0349188385217656,1.0728943733932845
jiuyuan_00572,0.9032270466265392,1.0628909445560983,1.1362152236102592
jiuyuan_00573,0.9204365816320345,1.0428320580812247,1.0956783064760927
jiuyuan_00574,0.9393334176512275,1.0192227909426164,1.0738252816741165
jiuyuan_00575,0.998664295802565,0.9994810714732337,1.0018740958629055
jiuyuan_00576,0.9923516519407007,0.996486682741046,1.0118941367134004
jiuyuan_00577,0.9109544807009803,1.0386320563205973,1.1408756069661146
jiuyuan_00578,0.9040481887036642,1.0530727367861492,1.1487886445173252
jiuyuan_00579,0.9123862976593798,1.034108665458909,1.1428684255048986
jiuyuan_00580,0.9436922217364224,1.0146423627890118,1.0696450107759259
jiuyuan_00581,0.9265912836729686,1.0348394584457064,1.0871547483752448
jiuyuan_00582,0.9081063609991931,1.06060186425354,1.1171918852810483
jiuyuan_00583,0.9200858709526634,1.0409357277719655,1.0996143272031493
jiuyuan_00584,0.9480938471480572,1.0201986933593021,1.0523676848368382
jiuyuan_00585,0.9173568407795394,1.0483945785634532,1.0985412361589946
jiuyuan_00586,0.9905143084002688,0.9954095243174492,1.015256545171977
jiuyuan_00587,0.9840306171830584,0.9988712896571657,1.0192702608873871
jiuyuan_00588,0.9959770744633396,1.0048516844966868,0.9993114917831114
jiuyuan_00589,0.9950064950457553,0.9950336419384896,1.010511957906167
jiuyuan_00590,0.9181016086605632,1.0501703646113216,1.0935507333026526
jiuyuan_00591,0.9278321277426409,1.0322332999627817,1.0870879216093903
jiuyuan_00592,0.9147426360764204,1.0361393354765598,1.1281910503941934
jiuyuan_00593,0.9106206196331275,1.039023583606172,1.1417390208279234
jiuyuan_00594,0.9284705826093046,1.0254341120712382,1.0953726724033983
jiuyuan_00595,0.933048488595691,1.0288763597861694,1.0768118602481416
jiuyuan_00596,0.9255430500707481,1.023302911818492,1.1087491345765932
jiuyuan_00597,0.9076081834800008,1.0393959051470167,1.156510642518214
jiuyuan_00598,0.8953217360340661,1.0637180958770291,1.1811623411313015
jiuyuan_00599,0.8952927039112655,1.0511696928306369,1.211080244214481
jiuyuan_00600,0.9835043164519467,0.9948634405367488,1.0247282963149367
jiuyuan_00601,0.9224145856231408,1.0425904767539689,1.0894945219260337
jiuyuan_00602,0.9762839101244024,1.0094820268808655,1.0176861742067997
jiuyuan_00603,0.8993587481163232,1.0512904016829472,1.1804832248927077
jiuyuan_00604,0.9100059976363265,1.0302666004043683,1.1635835790965063
jiuyuan_00605,0.903128344294529,1.0459599075871768,1.1682196645996177
jiuyuan_00606,0.8979275740569416,1.0404732219865682,1.2195468522511075
jiuyuan_00607,0.8771331232471847,1.0816287080571898,1.331281388497609
jiuyuan_00608,0.9156338896827912,1.0401611247032383,1.117499722896468
jiuyuan_00609,0.8954722414053107,1.0466580268329484,1.2222894515018288
jiuyuan_00610,0.897560172484867,1.0459737791582662,1.2067537985273655
jiuyuan_00611,0.8896782741849166,1.061477498095571,1.2331464067198048
jiuyuan_00612,0.9957107584545919,1.002413594394354,1.0019746345512526
jiuyuan_00613,0.9885708549487727,1.0049098893714532,1.0072546908726585
jiuyuan_00614,0.9964267135549483,0.9958299677740475,1.0080732708539144
jiuyuan_00615,0.8916271100608346,1.0600504716468429,1.2188333520088896
jiuyuan_00616,0.9317213386976336,1.0197605655047677,1.0943420609127292
jiuyuan_00617,0.9146996661340028,1.0289011841348388,1.1424481203051824
jiuyuan_00618,0.908994046985038,1.0343000318987559,1.159974438175794
jiuyuan_00619,0.9066727630764677,1.0354353706825699,1.1706960977499066
jiuyuan_00620,0.8706955986807385,1.0912356721804144,1.4389025147668637
jiuyuan_00621,0.9762487934483998,1.0009345875896232,1.0273674276767955
jiuyuan_00622,0.9928355496105654,0.994622066188365,1.0134382836065807
jiuyuan_00623,0.9924853831408201,0.9954718853286469,1.0128781454425293
jiuyuan_00624,0.9955458838438144,0.995783823580291,1.0090855721893688
jiuyuan_00625,0.8834432166193411,1.076067941233835,1.2578692824146707
jiuyuan_00626,0.8999663817576284,1.0472461469754422,1.1857216618415596
jiuyuan_00627,1.011009801037372,0.9968828056263033,0.9927417908075244
jiuyuan_00628,0.9876853753232592,1.001262980598127,1.0121024043558005
jiuyuan_00629,0.9287712231670417,1.0199233698516652,1.1035387808563155
jiuyuan_00630,0.9163181626939845,1.0249636866704617,1.1431271712838602
jiuyuan_00631,0.9876423165988278,1.0049233110467526,1.0083069456317868
jiuyuan_00632,0.919706746785224,1.0341366066009183,1.111593288549678
jiuyuan_00633,0.9213144718889299,1.025741862287295,1.1201195188549238
jiuyuan_00634,0.9331621816368046,1.0233585588650171,1.0844204415921928
jiuyuan_00635,0.8662324227909209,1.1227580947716667,1.3982389328321752
jiuyuan_00636,0.9640992228930952,1.1077863783647937,0.9682458609772272
jiuyuan_00637,0.8699973919322244,1.1519429662333491,1.247075595322694
jiuyuan_00638,0.8948814715363904,1.1662445078570907,1.0729609708507402
jiuyuan_00639,0.8587424648018668,1.1802549018486752,1.3936658738341239
jiuyuan_00640,0.885546385379809,1.0836821252346112,1.2162481140520298
jiuyuan_00641,0.9239691582527858,1.0363433827937212,1.093265477531593
jiuyuan_00642,0.9083271533917471,1.0516529237826537,1.130016309355202
jiuyuan_00643,0.8839645242547773,1.1039561331232506,1.1903303532715184
jiuyuan_00644,0.9286440536801388,1.0446596642736348,1.0686541463528587
jiuyuan_00645,0.9003613651232949,1.0762992620525917,1.1302945915990068
jiuyuan_00646,0.9563370473658926,1.0059736537285755,1.0543510984396127
jiuyuan_00647,0.9806908044074635,1.0033947889563313,1.0184667144937525
jiuyuan_00648,0.9486608845548401,1.0331980379911287,1.036596354686877
jiuyuan_00649,0.9514953967721343,1.0274699219717052,1.037357825416703
jiuyuan_00650,0.9822138960832023,1.0091951121098237,1.0104107945135015
jiuyuan_00651,0.9513057576096151,1.0188279058136052,1.047567481400834
jiuyuan_00652,0.984900030233949,1.0087781549635635,1.007615531083517
jiuyuan_00653,0.986519721573893,0.995909401483226,1.0195621000214414
jiuyuan_00654,0.9774333200732475,1.00703049268469,1.018775947967827
jiuyuan_00655,0.9297810688665015,1.0422609673204424,1.0684634078184267
jiuyuan_00656,0.9480662469842229,1.0267347109925036,1.0446818454161633
jiuyuan_00657,0.9165321936136707,1.0722123578318903,1.0731014183424947
jiuyuan_00658,0.9736642999905767,1.0407928953140066,0.9935442506367197
jiuyuan_00659,0.9512539431080014,1.0226410506658936,1.0431619984372598
jiuyuan_00660,0.9575719939627992,1.0138329862717332,1.0418282439199351
jiuyuan_00661,0.9891874138548693,1.0030601396708299,1.0084506739724783
jiuyuan_00662,0.956762251969145,1.0120162724413855,1.0455522359652292
jiuyuan_00663,0.9477642095672033,1.0230697076386441,1.049546479864044
jiuyuan_00664,0.9597350050480005,1.0161052194502886,1.035370009251999
jiuyuan_00665,0.9804957093420704,1.0094404651999769,1.0122831591957557
jiuyuan_00666,0.9315204318764465,1.0519350354950878,1.0535058782001037
jiuyuan_00667,0.9485955695995448,1.063647797594114,1.0109190696675985
jiuyuan_00668,0.9566884558755502,1.0185094064524953,1.0379114149858983
jiuyuan_00669,0.8869233222944849,1.0751719588084625,1.2233926483534217
jiuyuan_00670,0.898073935120521,1.0603382629021278,1.169735488576883
jiuyuan_00671,0.9074896727477131,1.0709466278785826,1.1058525380981388
jiuyuan_00672,0.9125326444294688,1.0511573634156994,1.1127177704793503
jiuyuan_00673,0.904972113095151,1.1029726389629746,1.081743407130665
jiuyuan_00674,0.8721631930804673,1.141241183460863,1.2398014852921617
jiuyuan_00675,0.8541867260623583,1.2211123212784132,1.4162338230094713
jiuyuan_00676,0.8558814493766645,1.2094704983739535,1.393579441309036
jiuyuan_00677,0.8701816552563112,1.2033199445031153,1.1816380842131144
jiuyuan_00678,0.9297383044834772,1.0484997334601451,1.0614696247303839
jiuyuan_00679,0.8791399208838677,1.0998861816678704,1.2444729813883164
jiuyuan_00680,0.9822424457652247,1.0359554626854401,0.9876369455659373
jiuyuan_00681,0.8662808867260718,1.1474847771255023,1.3123206725686358
jiuyuan_00682,0.9333554520108505,1.0331837323228334,1.0702781394958156
jiuyuan_00683,0.850252948642876,1.2501917189126244,1.4900772214206115
jiuyuan_00684,0.8485080290409701,1.2786271175070327,1.4894401630813006
jiuyuan_00685,0.8975006760376999,1.0681790346513507,1.1585766588632116
jiuyuan_00686,0.9334806829345033,1.0365726155577755,1.0657315478394407
jiuyuan_00687,0.8796022493183765,1.1010925014480673,1.236544267333667
jiuyuan_00688,0.8686257401943978,1.1236613601332428,1.3369851895769715
jiuyuan_00689,0.874191868403699,1.0990641450945884,1.3165175763440442
jiuyuan_00690,0.9144031525932008,1.0533784015556744,1.102337483796882
jiuyuan_00691,0.9832357703192853,1.021868045158066,0.9975277815153628
jiuyuan_00692,0.9779368557312327,1.0408296822606424,0.9887524303658495
jiuyuan_00693,0.9702727434439816,1.065046680018382,0.9818233068932131
jiuyuan_00694,0.9735402601531615,1.0531077870471002,0.9853879285616733
jiuyuan_00695,0.9570403514399564,1.052182627295713,1.0065472813670873
jiuyuan_00696,0.9486987303770559,1.0618388285064393,1.0120372428506186
jiuyuan_00697,0.8939677070154114,1.0941729647557892,1.1389586813445112
jiuyuan_00698,0.8481796887660457,1.2878684411273085,1.4802952548233697
jiuyuan_00699,0.8515712586812444,1.2104271473896742,1.599155574547963
jiuyuan_00700,0.8605082425220044,1.1799061657513892,1.3484186238298168
jiuyuan_00701,0.9780360629435595,1.0258250247124172,1.0001137733037055
jiuyuan_00702,0.9697451150893973,1.026403330837113,1.0099477332008648
jiuyuan_00703,0.9406073616515322,1.0447671871902533,1.0406990092693988
jiuyuan_00704,0.942299834392472,1.0301774713345626,1.0526701319265372
jiuyuan_00705,0.9511408752008375,1.0219413930023102,1.044187216279475
jiuyuan_00706,0.985651780583221,1.0030715533337011,1.0125955741501866
