,MEL,NV,BCC,AKIEC,BKL,DF,VASC,pred,GT
ISIC_0024312,0.0987,0.0035,0.1014,0.4295,0.3370,0.0260,0.0040,3,4
ISIC_0024314,0.2575,0.1076,0.0101,0.0245,0.4618,0.1191,0.0195,4,1
ISIC_0024323,0.0665,0.0781,0.0030,0.1281,0.4541,0.2498,0.0204,4,0
ISIC_0024344,0.6194,0.2478,0.0112,0.0065,0.0885,0.0202,0.0063,0,1
ISIC_0024377,0.4818,0.4177,0.0042,0.0085,0.0553,0.0171,0.0154,0,1
ISIC_0024400,0.3069,0.0062,0.0072,0.0064,0.6690,0.0026,0.0017,4,0
ISIC_0024410,0.3464,0.5243,0.0317,0.0161,0.0246,0.0321,0.0248,1,0
ISIC_0024412,0.0168,0.0581,0.0743,0.5016,0.1159,0.2227,0.0107,3,4
ISIC_0024418,0.2238,0.1709,0.0271,0.1779,0.3676,0.0184,0.0144,4,3
ISIC_0024439,0.1360,0.2547,0.0033,0.4913,0.0727,0.0352,0.0069,3,1
ISIC_0024470,0.0993,0.0070,0.0233,0.2687,0.2630,0.3226,0.0161,5,3
ISIC_0024476,0.6679,0.0704,0.0114,0.0210,0.2220,0.0041,0.0032,0,1
ISIC_0024480,0.0636,0.0488,0.0012,0.0313,0.7109,0.1311,0.0129,4,1
ISIC_0024495,0.0846,0.4736,0.0003,0.0035,0.4285,0.0065,0.0028,1,4
ISIC_0024514,0.5592,0.4311,0.0007,0.0016,0.0018,0.0036,0.0020,0,1
ISIC_0024515,0.2539,0.0295,0.0945,0.0350,0.5252,0.0506,0.0114,4,2
ISIC_0024522,0.0022,0.0245,0.1222,0.1989,0.6253,0.0248,0.0019,4,3
ISIC_0024525,0.1884,0.0677,0.0248,0.1576,0.5358,0.0178,0.0080,4,0
ISIC_0024539,0.0066,0.0004,0.0006,0.0229,0.9693,0.0001,0.0000,4,3
ISIC_0024546,0.0293,0.0223,0.0040,0.4093,0.2729,0.2529,0.0095,3,0
ISIC_0024547,0.3849,0.3345,0.0022,0.0030,0.2592,0.0059,0.0104,0,4
ISIC_0024552,0.2499,0.6009,0.0102,0.0116,0.0219,0.0986,0.0070,1,0
ISIC_0024554,0.0216,0.0049,0.0018,0.0480,0.8926,0.0277,0.0035,4,0
ISIC_0024566,0.0265,0.2580,0.0215,0.2765,0.1542,0.2516,0.0119,3,1
ISIC_0024612,0.3661,0.5434,0.0114,0.0154,0.0456,0.0069,0.0112,1,4
ISIC_0024624,0.1485,0.0025,0.0060,0.0335,0.8034,0.0041,0.0020,4,0
ISIC_0024635,0.3900,0.1130,0.0082,0.0391,0.3580,0.0843,0.0074,0,4
ISIC_0024654,0.0024,0.0063,0.0038,0.0216,0.9378,0.0194,0.0087,4,3
ISIC_0024664,0.5300,0.3821,0.0057,0.0086,0.0392,0.0163,0.0181,0,1
ISIC_0024672,0.6373,0.1375,0.0031,0.0132,0.1823,0.0144,0.0121,0,4
ISIC_0024680,0.5911,0.2629,0.0056,0.0035,0.0236,0.0062,0.1071,0,1
ISIC_0024683,0.4670,0.2304,0.0054,0.0176,0.2578,0.0143,0.0074,0,1
ISIC_0024688,0.4755,0.5051,0.0007,0.0013,0.0002,0.0161,0.0011,1,0
ISIC_0024693,0.0015,0.0669,0.0008,0.0043,0.1115,0.7973,0.0178,5,1
ISIC_0024695,0.4982,0.3735,0.0079,0.0282,0.0201,0.0451,0.0270,0,1
ISIC_0024700,0.2964,0.6996,0.0001,0.0005,0.0006,0.0011,0.0018,1,0
ISIC_0024707,0.0010,0.0027,0.0010,0.0593,0.9330,0.0021,0.0009,4,3
ISIC_0024709,0.0516,0.0022,0.0046,0.0640,0.0324,0.8415,0.0036,5,4
ISIC_0024710,0.1811,0.0007,0.6385,0.0988,0.0202,0.0025,0.0584,2,3
ISIC_0024714,0.3841,0.3733,0.0627,0.0495,0.0861,0.0259,0.0184,0,1
ISIC_0024723,0.6030,0.3877,0.0003,0.0026,0.0009,0.0036,0.0020,0,1
ISIC_0024740,0.0244,0.3370,0.0219,0.0866,0.2458,0.2759,0.0085,1,4
ISIC_0024741,0.0008,0.0001,0.0002,0.9735,0.0223,0.0030,0.0000,3,4
ISIC_0024756,0.1409,0.3045,0.1992,0.2073,0.0262,0.1118,0.0102,1,0
ISIC_0024767,0.0348,0.0004,0.3106,0.0152,0.0021,0.6323,0.0046,5,0
ISIC_0024781,0.3913,0.1046,0.4247,0.0052,0.0022,0.0106,0.0614,2,1
ISIC_0024791,0.0026,0.2055,0.0008,0.0009,0.0205,0.0043,0.7654,6,1
ISIC_0024800,0.0321,0.0640,0.3015,0.1724,0.2955,0.0892,0.0454,2,3
ISIC_0024827,0.4026,0.2271,0.0052,0.1150,0.2312,0.0126,0.0063,0,1
ISIC_0024831,0.0002,0.2046,0.0070,0.0002,0.0009,0.0037,0.7833,6,1
ISIC_0024832,0.0011,0.0026,0.9212,0.0416,0.0165,0.0023,0.0146,2,4
ISIC_0024846,0.5238,0.4451,0.0040,0.0048,0.0034,0.0159,0.0030,0,1
ISIC_0024851,0.4506,0.0187,0.0121,0.0781,0.4258,0.0099,0.0048,0,4
ISIC_0024864,0.4323,0.5354,0.0015,0.0016,0.0097,0.0031,0.0163,1,0
ISIC_0024869,0.9236,0.0686,0.0003,0.0016,0.0008,0.0036,0.0015,0,1
ISIC_0024875,0.0904,0.0070,0.8630,0.0070,0.0248,0.0043,0.0037,2,0
ISIC_0024881,0.1305,0.0033,0.0899,0.4868,0.2578,0.0078,0.0239,3,4
ISIC_0024883,0.0029,0.5487,0.2560,0.0947,0.0268,0.0525,0.0183,1,4
ISIC_0024886,0.2067,0.1283,0.0085,0.0229,0.6200,0.0055,0.0082,4,0
ISIC_0024898,0.4332,0.5517,0.0011,0.0020,0.0041,0.0022,0.0056,1,0
ISIC_0024900,0.2169,0.1265,0.4442,0.1151,0.0150,0.0684,0.0139,2,0
ISIC_0024905,0.0002,0.1101,0.0002,0.0004,0.0001,0.8873,0.0017,5,1
ISIC_0024908,0.5494,0.4426,0.0011,0.0008,0.0017,0.0011,0.0033,0,1
ISIC_0024913,0.0028,0.0004,0.8564,0.0834,0.0061,0.0446,0.0061,2,3
ISIC_0024916,0.0086,0.4629,0.0017,0.0009,0.0484,0.0132,0.4642,6,1
ISIC_0024922,0.2301,0.1512,0.1042,0.2640,0.1156,0.0987,0.0363,3,1
ISIC_0024924,0.7500,0.2208,0.0016,0.0014,0.0205,0.0031,0.0027,0,1
ISIC_0024925,0.0713,0.0060,0.5788,0.2222,0.0963,0.0161,0.0093,2,3
ISIC_0024930,0.2225,0.7550,0.0023,0.0013,0.0063,0.0071,0.0056,1,0
ISIC_0024948,0.2949,0.0039,0.0027,0.0353,0.6503,0.0076,0.0052,4,3
ISIC_0024961,0.2740,0.2079,0.0081,0.4092,0.0512,0.0384,0.0113,3,0
ISIC_0024969,0.0782,0.1743,0.1180,0.0462,0.5452,0.0313,0.0067,4,1
ISIC_0024972,0.3112,0.0979,0.0173,0.0599,0.4784,0.0146,0.0206,4,0
ISIC_0024973,0.2758,0.0242,0.3917,0.1215,0.0282,0.1335,0.0250,2,5
ISIC_0024981,0.5686,0.0504,0.0173,0.0065,0.3437,0.0038,0.0097,0,4
ISIC_0024982,0.0026,0.0211,0.0423,0.8553,0.0406,0.0309,0.0071,3,4
ISIC_0025008,0.4414,0.1429,0.0141,0.0561,0.1077,0.2288,0.0090,0,1
ISIC_0025016,0.0001,0.0002,0.6980,0.2966,0.0017,0.0031,0.0003,2,4
ISIC_0025027,0.0000,0.0024,0.9848,0.0115,0.0000,0.0009,0.0004,2,1
ISIC_0025040,0.0038,0.9560,0.0007,0.0233,0.0055,0.0099,0.0007,1,4
ISIC_0025049,0.5986,0.3781,0.0005,0.0016,0.0072,0.0032,0.0106,0,1
ISIC_0025063,0.5350,0.0009,0.0058,0.2587,0.1485,0.0491,0.0019,0,4
ISIC_0025064,0.0275,0.6862,0.1578,0.0681,0.0248,0.0222,0.0133,1,4
ISIC_0025068,0.0081,0.0014,0.0191,0.7008,0.2646,0.0015,0.0043,3,4
ISIC_0025076,0.1772,0.3432,0.0384,0.1512,0.1763,0.0884,0.0253,1,4
ISIC_0025081,0.3183,0.4690,0.0033,0.0012,0.0033,0.0124,0.1925,1,0
ISIC_0025085,0.3962,0.4245,0.0260,0.0222,0.0926,0.0128,0.0257,1,0
ISIC_0025094,0.4047,0.3541,0.0078,0.0074,0.1731,0.0201,0.0328,0,1
ISIC_0025097,0.3255,0.0222,0.0010,0.0038,0.4105,0.0064,0.2307,4,0
ISIC_0025106,0.4638,0.2801,0.0094,0.1174,0.1003,0.0164,0.0124,0,1
ISIC_0025112,0.0024,0.0421,0.3829,0.4181,0.0956,0.0528,0.0062,3,1
ISIC_0025121,0.0184,0.0001,0.0000,0.0000,0.0001,0.0006,0.9808,6,0
ISIC_0025128,0.0258,0.5528,0.0243,0.1993,0.1437,0.0277,0.0263,1,0
ISIC_0025153,0.1083,0.6077,0.0140,0.0037,0.0336,0.0641,0.1688,1,0
ISIC_0025154,0.0055,0.0037,0.7974,0.0741,0.0368,0.0772,0.0053,2,5
ISIC_0025179,0.5288,0.1613,0.0040,0.0242,0.2582,0.0146,0.0090,0,1
ISIC_0025182,0.0004,0.0001,0.0021,0.4588,0.0023,0.5361,0.0001,5,3
ISIC_0025195,0.3171,0.0270,0.0064,0.0695,0.5051,0.0626,0.0123,4,0
ISIC_0025209,0.0351,0.0018,0.0147,0.5965,0.3324,0.0187,0.0007,3,4
ISIC_0025210,0.4983,0.4938,0.0013,0.0003,0.0002,0.0048,0.0014,0,1
ISIC_0025228,0.4253,0.3742,0.0188,0.0919,0.0563,0.0186,0.0148,0,1
ISIC_0025234,0.2853,0.0002,0.0022,0.0001,0.0009,0.0003,0.7111,6,0
ISIC_0025235,0.2637,0.5695,0.0043,0.0089,0.1026,0.0196,0.0314,1,0
ISIC_0025237,0.0475,0.1738,0.2052,0.2453,0.1700,0.0963,0.0619,3,1
ISIC_0025239,0.7027,0.0824,0.0048,0.0159,0.1812,0.0075,0.0055,0,1
ISIC_0025243,0.0630,0.1834,0.0102,0.0358,0.6697,0.0151,0.0228,4,1
ISIC_0025249,0.0009,0.0645,0.0146,0.0022,0.0687,0.4253,0.4239,5,6
ISIC_0025254,0.9067,0.0329,0.0014,0.0016,0.0505,0.0025,0.0044,0,1
ISIC_0025257,0.5864,0.3195,0.0091,0.0208,0.0513,0.0063,0.0065,0,1
ISIC_0025262,0.8888,0.0544,0.0149,0.0136,0.0194,0.0062,0.0028,0,1
ISIC_0025265,0.2081,0.7750,0.0006,0.0004,0.0074,0.0035,0.0049,1,0
ISIC_0025275,0.1588,0.1035,0.0136,0.0171,0.0647,0.0224,0.6199,6,4
ISIC_0025277,0.2394,0.0024,0.0064,0.0426,0.7031,0.0027,0.0033,4,0
ISIC_0025286,0.4955,0.3106,0.0037,0.0848,0.0812,0.0178,0.0063,0,4
ISIC_0025289,0.0728,0.1763,0.0009,0.0219,0.0033,0.0495,0.6752,6,1
ISIC_0025295,0.7222,0.0676,0.0906,0.0144,0.0742,0.0212,0.0098,0,1
ISIC_0025310,0.4946,0.3335,0.0039,0.0273,0.1207,0.0115,0.0086,0,1
ISIC_0025313,0.0383,0.9572,0.0002,0.0004,0.0003,0.0013,0.0023,1,0
ISIC_0025319,0.0082,0.0096,0.4145,0.0965,0.3518,0.1059,0.0136,2,3
ISIC_0025324,0.3988,0.5107,0.0185,0.0089,0.0452,0.0113,0.0068,1,0
ISIC_0025326,0.0026,0.0008,0.0996,0.7360,0.1436,0.0149,0.0025,3,4
ISIC_0025339,0.1304,0.0019,0.1260,0.3872,0.2635,0.0872,0.0039,3,4
ISIC_0025341,0.2512,0.1879,0.0051,0.0203,0.5062,0.0185,0.0108,4,1
ISIC_0025346,0.4569,0.1223,0.0269,0.0780,0.2833,0.0192,0.0134,0,1
ISIC_0025366,0.0007,0.9573,0.0008,0.0010,0.0354,0.0022,0.0026,1,4
ISIC_0025376,0.0815,0.3286,0.2041,0.0536,0.2876,0.0387,0.0059,1,4
ISIC_0025389,0.0010,0.0008,0.0567,0.1709,0.0534,0.7140,0.0032,5,4
ISIC_0025394,0.3520,0.6415,0.0002,0.0004,0.0038,0.0013,0.0008,1,0
ISIC_0025402,0.9201,0.0405,0.0011,0.0109,0.0225,0.0036,0.0014,0,1
ISIC_0025409,0.0661,0.2882,0.2244,0.2606,0.1046,0.0388,0.0173,1,0
ISIC_0025411,0.5979,0.1245,0.0040,0.1671,0.0668,0.0348,0.0050,0,3
ISIC_0025421,0.1346,0.1594,0.0023,0.6458,0.0091,0.0380,0.0109,3,1
ISIC_0025436,0.6889,0.2813,0.0025,0.0082,0.0030,0.0099,0.0064,0,1
ISIC_0025451,0.1332,0.8468,0.0002,0.0012,0.0015,0.0028,0.0142,1,0
ISIC_0025453,0.0019,0.3034,0.0025,0.0042,0.6576,0.0102,0.0202,4,1
ISIC_0025458,0.4944,0.1854,0.0048,0.0146,0.2538,0.0195,0.0275,0,1
ISIC_0025463,0.5034,0.4649,0.0054,0.0060,0.0069,0.0077,0.0058,0,1
ISIC_0025472,0.3316,0.6473,0.0007,0.0043,0.0096,0.0040,0.0023,1,0
ISIC_0025477,0.5656,0.3140,0.0044,0.0352,0.0468,0.0237,0.0103,0,1
ISIC_0025491,0.4672,0.4206,0.0101,0.0062,0.0035,0.0851,0.0072,0,1
ISIC_0025492,0.0953,0.2260,0.0076,0.5444,0.0447,0.0706,0.0113,3,1
ISIC_0025500,0.2263,0.0071,0.0035,0.0213,0.7351,0.0043,0.0026,4,0
ISIC_0025504,0.0387,0.1241,0.0222,0.4029,0.2804,0.1219,0.0098,3,5
ISIC_0025524,0.0001,0.0000,0.0000,0.0000,0.0000,0.0000,0.9998,6,0
ISIC_0025526,0.0122,0.0030,0.0031,0.4887,0.4778,0.0136,0.0016,3,4
ISIC_0025531,0.0012,0.0003,0.0019,0.9346,0.0602,0.0014,0.0004,3,0
ISIC_0025539,0.0473,0.0126,0.0025,0.3675,0.5072,0.0604,0.0025,4,3
ISIC_0025543,0.0373,0.0004,0.0018,0.1891,0.7696,0.0012,0.0006,4,0
ISIC_0025550,0.0651,0.6459,0.0362,0.0314,0.0355,0.0952,0.0907,1,0
ISIC_0025553,0.0149,0.0993,0.7377,0.0355,0.0911,0.0097,0.0117,2,1
ISIC_0025554,0.5131,0.0281,0.0077,0.0245,0.4160,0.0051,0.0055,0,4
ISIC_0025598,0.0478,0.1052,0.0064,0.0263,0.7893,0.0175,0.0074,4,1
ISIC_0025605,0.0278,0.0146,0.4300,0.0487,0.4389,0.0315,0.0085,4,3
ISIC_0025627,0.0397,0.0346,0.2077,0.3259,0.2881,0.0828,0.0211,3,4
ISIC_0025634,0.1251,0.2523,0.1015,0.0617,0.3211,0.0766,0.0617,4,1
ISIC_0025642,0.2620,0.6372,0.0017,0.0431,0.0257,0.0148,0.0156,1,4
ISIC_0025651,0.0369,0.0021,0.0230,0.8507,0.0780,0.0074,0.0018,3,0
ISIC_0025659,0.2044,0.0076,0.3135,0.3588,0.0738,0.0347,0.0071,3,4
ISIC_0025661,0.4746,0.0013,0.0605,0.0505,0.2726,0.1336,0.0069,0,4
ISIC_0025674,0.0327,0.0005,0.2185,0.4927,0.0465,0.2070,0.0021,3,0
ISIC_0025689,0.0588,0.2373,0.0022,0.0134,0.6707,0.0031,0.0146,4,1
ISIC_0025700,0.0002,0.0001,0.4448,0.0538,0.0307,0.4696,0.0008,5,2
ISIC_0025708,0.2499,0.7425,0.0008,0.0009,0.0026,0.0019,0.0014,1,0
ISIC_0025716,0.5566,0.0009,0.0034,0.1783,0.2594,0.0011,0.0005,0,4
ISIC_0025724,0.0711,0.3729,0.0029,0.0081,0.0414,0.0068,0.4967,6,0
ISIC_0025735,0.1185,0.2826,0.0284,0.1733,0.3355,0.0494,0.0124,4,1
ISIC_0025742,0.0428,0.2887,0.0119,0.0696,0.5757,0.0074,0.0039,4,1
ISIC_0025751,0.3414,0.6081,0.0073,0.0047,0.0172,0.0147,0.0066,1,0
ISIC_0025755,0.1574,0.7314,0.0064,0.0466,0.0360,0.0099,0.0124,1,0
ISIC_0025777,0.0473,0.1970,0.0106,0.5473,0.1455,0.0419,0.0104,3,4
ISIC_0025778,0.6542,0.0359,0.0069,0.0121,0.2767,0.0032,0.0110,0,1
ISIC_0025783,0.1963,0.7555,0.0053,0.0104,0.0070,0.0077,0.0178,1,0
ISIC_0025784,0.5943,0.3285,0.0074,0.0233,0.0100,0.0287,0.0079,0,1
ISIC_0025791,0.0404,0.5465,0.0072,0.0354,0.3178,0.0113,0.0415,1,0
ISIC_0025804,0.0003,0.9818,0.0002,0.0002,0.0134,0.0037,0.0005,1,4
ISIC_0025831,0.0087,0.0017,0.0247,0.3025,0.6520,0.0047,0.0059,4,3
ISIC_0025834,0.1123,0.0778,0.6929,0.0033,0.0073,0.0102,0.0962,2,1
ISIC_0025835,0.1744,0.7592,0.0113,0.0057,0.0114,0.0161,0.0220,1,0
ISIC_0025836,0.6584,0.0967,0.0123,0.0116,0.0383,0.1723,0.0105,0,1
ISIC_0025837,0.0938,0.0007,0.0168,0.6455,0.2359,0.0070,0.0003,3,4
ISIC_0025842,0.0829,0.0016,0.0048,0.6211,0.2817,0.0052,0.0027,3,4
ISIC_0025846,0.3604,0.2603,0.0106,0.0330,0.2865,0.0235,0.0257,0,1
ISIC_0025847,0.7117,0.2563,0.0011,0.0027,0.0049,0.0212,0.0021,0,1
ISIC_0025874,0.6590,0.0045,0.0123,0.1205,0.1660,0.0326,0.0051,0,4
ISIC_0025885,0.1572,0.0866,0.0344,0.5145,0.1423,0.0569,0.0081,3,4
ISIC_0025887,0.5047,0.4118,0.0053,0.0084,0.0447,0.0086,0.0164,0,1
ISIC_0025918,0.1313,0.0449,0.0384,0.5922,0.1211,0.0652,0.0068,3,1
ISIC_0025928,0.0326,0.0063,0.0870,0.6695,0.1645,0.0376,0.0025,3,4
ISIC_0025939,0.0047,0.0077,0.0041,0.5145,0.4559,0.0102,0.0029,3,4
ISIC_0025940,0.0492,0.0009,0.0123,0.8770,0.0543,0.0054,0.0008,3,2
ISIC_0025941,0.1050,0.8647,0.0009,0.0089,0.0089,0.0048,0.0069,1,0
ISIC_0025942,0.5300,0.4070,0.0032,0.0381,0.0089,0.0078,0.0049,0,1
ISIC_0025946,0.0057,0.0098,0.0162,0.0201,0.9316,0.0086,0.0079,4,1
ISIC_0025948,0.0484,0.0075,0.4672,0.0906,0.3779,0.0041,0.0042,2,3
ISIC_0025954,0.0307,0.0564,0.0466,0.7654,0.0691,0.0272,0.0047,3,5
ISIC_0025957,0.1152,0.0082,0.3664,0.1088,0.3537,0.0415,0.0062,2,3
ISIC_0025963,0.0007,0.0000,0.0000,0.0000,0.0000,0.0001,0.9991,6,0
ISIC_0025967,0.1292,0.3082,0.0109,0.4039,0.0577,0.0787,0.0113,3,1
ISIC_0025984,0.1163,0.2123,0.5820,0.0326,0.0471,0.0046,0.0051,2,4
ISIC_0025986,0.2407,0.3677,0.0051,0.0064,0.1215,0.0159,0.2427,1,4
ISIC_0025990,0.5496,0.1495,0.0079,0.0080,0.2747,0.0042,0.0061,0,1
ISIC_0026009,0.1673,0.0118,0.0015,0.4648,0.3337,0.0173,0.0036,3,0
ISIC_0026017,0.0132,0.1255,0.0022,0.0024,0.8308,0.0180,0.0081,4,1
ISIC_0026018,0.5951,0.0493,0.0132,0.0183,0.2961,0.0174,0.0106,0,4
ISIC_0026032,0.0026,0.3808,0.0077,0.0075,0.5057,0.0125,0.0834,4,1
ISIC_0026034,0.0838,0.3254,0.3907,0.0460,0.0722,0.0754,0.0065,2,1
ISIC_0026037,0.0031,0.2039,0.0027,0.0010,0.3031,0.4778,0.0084,5,1
ISIC_0026044,0.0450,0.6147,0.0054,0.0084,0.2702,0.0291,0.0271,1,4
ISIC_0026049,0.0482,0.3835,0.0172,0.0125,0.5019,0.0198,0.0170,4,1
ISIC_0026070,0.4395,0.0877,0.0215,0.1757,0.2472,0.0223,0.0062,0,4
ISIC_0026071,0.2577,0.0300,0.0017,0.0327,0.6669,0.0070,0.0040,4,1
ISIC_0026080,0.2241,0.1238,0.0037,0.0112,0.0787,0.5388,0.0196,5,1
ISIC_0026084,0.8973,0.0266,0.0059,0.0423,0.0114,0.0119,0.0047,0,1
ISIC_0026085,0.3898,0.0014,0.0077,0.2716,0.3107,0.0115,0.0073,0,4
ISIC_0026088,0.0034,0.4114,0.0709,0.0008,0.0052,0.0151,0.4932,6,1
ISIC_0026089,0.4467,0.4809,0.0313,0.0032,0.0120,0.0150,0.0110,1,0
ISIC_0026124,0.0815,0.0302,0.0367,0.5763,0.1232,0.1442,0.0079,3,1
ISIC_0026126,0.5092,0.4595,0.0012,0.0037,0.0027,0.0212,0.0026,0,1
ISIC_0026140,0.0717,0.2402,0.3927,0.0073,0.1222,0.0217,0.1442,2,1
ISIC_0026148,0.8560,0.1265,0.0005,0.0066,0.0028,0.0041,0.0034,0,1
ISIC_0026158,0.0085,0.0012,0.8004,0.0273,0.0018,0.0011,0.1596,2,0
ISIC_0026167,0.3851,0.4303,0.0056,0.0146,0.1462,0.0113,0.0069,1,0
ISIC_0026171,0.0004,0.0002,0.0002,0.0021,0.9969,0.0000,0.0000,4,3
ISIC_0026207,0.4109,0.5311,0.0032,0.0028,0.0217,0.0057,0.0245,1,0
ISIC_0026209,0.9477,0.0090,0.0030,0.0236,0.0136,0.0026,0.0007,0,1
ISIC_0026222,0.5637,0.2088,0.0038,0.0150,0.1910,0.0041,0.0137,0,1
ISIC_0026231,0.4976,0.3842,0.0032,0.0069,0.0281,0.0616,0.0185,0,1
ISIC_0026236,0.3218,0.4989,0.0144,0.0724,0.0426,0.0347,0.0153,1,0
ISIC_0026245,0.4561,0.2548,0.0019,0.0086,0.2443,0.0202,0.0141,0,4
ISIC_0026251,0.0517,0.2990,0.6400,0.0029,0.0010,0.0031,0.0024,2,1
ISIC_0026258,0.0968,0.2878,0.0022,0.0207,0.5702,0.0146,0.0077,4,0
ISIC_0026273,0.0004,0.0059,0.0238,0.0134,0.2709,0.1324,0.5532,6,4
ISIC_0026290,0.3530,0.2205,0.0027,0.0969,0.3009,0.0148,0.0112,0,4
ISIC_0026295,0.5572,0.4021,0.0170,0.0035,0.0047,0.0063,0.0092,0,1
ISIC_0026297,0.3538,0.2585,0.0194,0.0209,0.3206,0.0162,0.0106,0,1
ISIC_0026301,0.8418,0.0416,0.0024,0.0542,0.0485,0.0093,0.0022,0,4
ISIC_0026314,0.0513,0.8897,0.0028,0.0007,0.0042,0.0492,0.0021,1,0
ISIC_0026319,0.0109,0.0146,0.4930,0.3201,0.1468,0.0065,0.0081,2,3
ISIC_0026323,0.4592,0.1634,0.2180,0.0028,0.1284,0.0116,0.0166,0,1
ISIC_0026326,0.0007,0.0456,0.9300,0.0024,0.0138,0.0023,0.0052,2,1
ISIC_0026330,0.7373,0.1828,0.0043,0.0209,0.0099,0.0188,0.0261,0,1
ISIC_0026340,0.0203,0.1115,0.0032,0.0421,0.1621,0.6544,0.0064,5,1
ISIC_0026347,0.5229,0.2468,0.0068,0.0267,0.1777,0.0133,0.0057,0,1
ISIC_0026350,0.0013,0.0139,0.1458,0.2089,0.5786,0.0441,0.0074,4,2
ISIC_0026372,0.5035,0.4913,0.0009,0.0002,0.0002,0.0030,0.0009,0,1
ISIC_0026374,0.0151,0.0556,0.0164,0.0351,0.6968,0.0084,0.1725,4,1
ISIC_0026395,0.5838,0.1714,0.1008,0.0555,0.0665,0.0138,0.0083,0,2
ISIC_0026404,0.2321,0.0318,0.0191,0.0123,0.6919,0.0080,0.0050,4,1
ISIC_0026406,0.0447,0.1751,0.0055,0.0472,0.3005,0.4089,0.0180,5,1
ISIC_0026414,0.6223,0.2378,0.0050,0.0308,0.0815,0.0140,0.0087,0,1
ISIC_0026419,0.0000,0.3322,0.0007,0.0000,0.0000,0.0002,0.6668,6,1
ISIC_0026429,0.0005,0.0232,0.8829,0.0021,0.0395,0.0049,0.0468,2,1
ISIC_0026437,0.2158,0.1658,0.0186,0.1361,0.4159,0.0349,0.0129,4,1
ISIC_0026438,0.0329,0.9641,0.0001,0.0002,0.0001,0.0015,0.0010,1,0
ISIC_0026454,0.2456,0.3234,0.0128,0.0299,0.3397,0.0332,0.0154,4,1
ISIC_0026468,0.0367,0.2556,0.1459,0.1373,0.1388,0.2542,0.0315,1,3
ISIC_0026475,0.1347,0.8505,0.0005,0.0009,0.0063,0.0052,0.0019,1,0
ISIC_0026477,0.1266,0.8507,0.0028,0.0019,0.0038,0.0061,0.0081,1,4
ISIC_0026478,0.0572,0.4163,0.0215,0.0131,0.0475,0.4273,0.0171,5,1
ISIC_0026491,0.7914,0.0945,0.0025,0.0447,0.0503,0.0116,0.0050,0,1
ISIC_0026494,0.0599,0.3119,0.0839,0.0352,0.0498,0.1004,0.3590,6,1
ISIC_0026500,0.2716,0.3257,0.0117,0.0302,0.3091,0.0379,0.0137,1,0
ISIC_0026506,0.1273,0.0154,0.0011,0.0026,0.0012,0.0034,0.8490,6,0
ISIC_0026512,0.9259,0.0711,0.0002,0.0005,0.0012,0.0004,0.0006,0,1
ISIC_0026513,0.4861,0.4755,0.0002,0.0015,0.0020,0.0325,0.0022,0,1
ISIC_0026516,0.0762,0.6774,0.0021,0.0061,0.0088,0.0028,0.2267,1,0
ISIC_0026518,0.5263,0.2831,0.0391,0.0334,0.0264,0.0656,0.0261,0,1
ISIC_0026528,0.0002,0.0070,0.1448,0.0010,0.0008,0.7800,0.0661,5,2
ISIC_0026538,0.0025,0.0008,0.0086,0.7714,0.2081,0.0074,0.0013,3,4
ISIC_0026544,0.0186,0.3956,0.4530,0.0322,0.0665,0.0248,0.0092,2,1
ISIC_0026554,0.0637,0.1693,0.0164,0.0704,0.6278,0.0389,0.0135,4,1
ISIC_0026559,0.0882,0.1831,0.0082,0.0719,0.6127,0.0237,0.0122,4,1
ISIC_0026569,0.0041,0.0020,0.9621,0.0138,0.0008,0.0164,0.0007,2,1
ISIC_0026577,0.0023,0.0093,0.0027,0.5011,0.4757,0.0083,0.0005,3,1
ISIC_0026584,0.7183,0.1728,0.0049,0.0174,0.0574,0.0097,0.0194,0,1
ISIC_0026596,0.1218,0.1403,0.0808,0.1962,0.4354,0.0183,0.0073,4,0
ISIC_0026604,0.1082,0.0268,0.0068,0.2717,0.5587,0.0208,0.0069,4,0
ISIC_0026606,0.4141,0.2999,0.0123,0.0104,0.0168,0.0080,0.2386,0,4
ISIC_0026607,0.1273,0.1415,0.4744,0.0651,0.1540,0.0225,0.0152,2,4
ISIC_0026610,0.4026,0.0309,0.0048,0.0229,0.5270,0.0066,0.0052,4,1
ISIC_0026623,0.0276,0.0019,0.0374,0.4706,0.4587,0.0027,0.0009,3,4
ISIC_0026625,0.0174,0.0009,0.0078,0.4362,0.5347,0.0020,0.0010,4,3
ISIC_0026637,0.1514,0.6548,0.0645,0.0044,0.0786,0.0165,0.0299,1,4
ISIC_0026638,0.0094,0.3179,0.0356,0.0026,0.0071,0.5931,0.0342,5,1
ISIC_0026650,0.6218,0.0055,0.0016,0.2391,0.1270,0.0039,0.0010,0,3
ISIC_0026652,0.2885,0.0033,0.0012,0.1434,0.0096,0.5510,0.0031,5,0
ISIC_0026664,0.2811,0.4818,0.0108,0.0107,0.2002,0.0104,0.0050,1,0
ISIC_0026668,0.0013,0.0018,0.2803,0.6865,0.0273,0.0022,0.0005,3,2
ISIC_0026687,0.0674,0.0025,0.3641,0.3972,0.0036,0.1567,0.0085,3,2
ISIC_0026690,0.3038,0.2290,0.0043,0.0362,0.3589,0.0517,0.0161,4,0
ISIC_0026718,0.0131,0.4642,0.0001,0.0008,0.0001,0.5025,0.0193,5,1
ISIC_0026722,0.3547,0.0641,0.2306,0.0268,0.2230,0.0677,0.0331,0,1
ISIC_0026728,0.0571,0.0310,0.3647,0.3173,0.1943,0.0262,0.0097,2,4
ISIC_0026744,0.0308,0.4213,0.0920,0.0268,0.3735,0.0408,0.0148,1,4
ISIC_0026774,0.1482,0.7660,0.0053,0.0281,0.0251,0.0162,0.0110,1,0
ISIC_0026786,0.0005,0.1626,0.0133,0.1365,0.6557,0.0168,0.0146,4,1
ISIC_0026794,0.0089,0.0451,0.1901,0.3695,0.3585,0.0221,0.0058,3,4
ISIC_0026805,0.6141,0.2759,0.0032,0.0059,0.0693,0.0042,0.0275,0,1
ISIC_0026809,0.4086,0.2488,0.0127,0.0134,0.2913,0.0136,0.0116,0,1
ISIC_0026839,0.5829,0.3953,0.0011,0.0027,0.0108,0.0027,0.0045,0,1
ISIC_0026842,0.0251,0.1145,0.0196,0.6452,0.0343,0.1472,0.0142,3,4
ISIC_0026843,0.2270,0.3033,0.0261,0.3063,0.0842,0.0403,0.0129,3,4
ISIC_0026844,0.0062,0.0169,0.0473,0.4747,0.4346,0.0131,0.0072,3,4
ISIC_0026845,0.0091,0.0001,0.4005,0.0010,0.0019,0.0017,0.5856,6,2
ISIC_0026852,0.5386,0.4387,0.0006,0.0118,0.0029,0.0037,0.0038,0,1
ISIC_0026853,0.2400,0.0463,0.0025,0.0235,0.5815,0.0996,0.0066,4,0
ISIC_0026868,0.0446,0.0012,0.0117,0.8994,0.0369,0.0045,0.0018,3,0
ISIC_0026869,0.0004,0.1537,0.0017,0.0001,0.0002,0.0051,0.8388,6,1
ISIC_0026871,0.2849,0.0019,0.0038,0.6371,0.0636,0.0065,0.0023,3,4
ISIC_0026883,0.0034,0.3318,0.0603,0.0137,0.4917,0.0802,0.0190,4,1
ISIC_0026893,0.0002,0.0008,0.0005,0.8289,0.1687,0.0010,0.0000,3,4
ISIC_0026905,0.0507,0.0020,0.0020,0.1146,0.6711,0.1569,0.0026,4,3
ISIC_0026923,0.0000,0.0002,0.0016,0.9934,0.0027,0.0018,0.0003,3,4
ISIC_0026927,0.0012,0.0009,0.1945,0.3501,0.4488,0.0038,0.0006,4,3
ISIC_0026954,0.1445,0.1932,0.0108,0.0168,0.0016,0.6182,0.0148,5,0
ISIC_0026955,0.1517,0.0039,0.0049,0.4209,0.3902,0.0244,0.0041,3,4
ISIC_0026958,0.0031,0.0038,0.4691,0.1489,0.3587,0.0080,0.0085,2,4
ISIC_0026963,0.4794,0.0037,0.0013,0.0219,0.4918,0.0013,0.0007,4,0
ISIC_0026964,0.0181,0.3805,0.0188,0.1058,0.4378,0.0302,0.0088,4,1
ISIC_0026989,0.1033,0.8428,0.0023,0.0130,0.0236,0.0132,0.0017,1,0
ISIC_0026996,0.3605,0.5971,0.0009,0.0006,0.0318,0.0067,0.0024,1,0
ISIC_0027003,0.6646,0.2414,0.0003,0.0041,0.0129,0.0729,0.0036,0,1
ISIC_0027005,0.1418,0.3170,0.0100,0.1324,0.3702,0.0184,0.0102,4,1
ISIC_0027010,0.9051,0.0842,0.0011,0.0004,0.0066,0.0016,0.0010,0,1
ISIC_0027018,0.0150,0.0026,0.0176,0.8109,0.0905,0.0614,0.0019,3,4
ISIC_0027021,0.3554,0.0093,0.0137,0.5540,0.0431,0.0215,0.0029,3,0
ISIC_0027026,0.0027,0.0009,0.0014,0.4633,0.0179,0.5117,0.0021,5,4
ISIC_0027036,0.5415,0.1390,0.0075,0.0158,0.2763,0.0053,0.0145,0,1
ISIC_0027046,0.0719,0.3388,0.1734,0.1379,0.2538,0.0174,0.0068,1,2
ISIC_0027052,0.0002,0.2422,0.0019,0.0000,0.0000,0.0004,0.7553,6,1
ISIC_0027064,0.0058,0.0065,0.0016,0.4633,0.2854,0.2324,0.0050,3,4
ISIC_0027066,0.5908,0.1861,0.0014,0.0115,0.1968,0.0066,0.0068,0,1
ISIC_0027073,0.0568,0.1363,0.0112,0.0526,0.6932,0.0353,0.0148,4,1
ISIC_0027086,0.0604,0.1233,0.0018,0.0119,0.7824,0.0047,0.0155,4,1
ISIC_0027087,0.8300,0.1460,0.0002,0.0115,0.0006,0.0049,0.0068,0,1
ISIC_0027094,0.0548,0.0078,0.0448,0.4487,0.4027,0.0372,0.0039,3,4
ISIC_0027098,0.8663,0.0412,0.0074,0.0066,0.0695,0.0047,0.0044,0,1
ISIC_0027099,0.5311,0.3237,0.0103,0.0196,0.0166,0.0038,0.0949,0,1
ISIC_0027100,0.3749,0.0259,0.0308,0.0274,0.5334,0.0039,0.0037,4,0
ISIC_0027114,0.4311,0.3282,0.0190,0.0926,0.0241,0.0817,0.0236,0,1
ISIC_0027139,0.1304,0.2184,0.1491,0.1434,0.1874,0.1463,0.0250,1,4
ISIC_0027156,0.0214,0.3796,0.0067,0.0210,0.4429,0.1132,0.0152,4,1
ISIC_0027171,0.1781,0.7131,0.0092,0.0061,0.0554,0.0100,0.0281,1,0
ISIC_0027188,0.0010,0.0012,0.9497,0.0014,0.0026,0.0420,0.0022,2,5
ISIC_0027192,0.0527,0.1102,0.0082,0.4290,0.3793,0.0125,0.0081,3,4
ISIC_0027203,0.1947,0.2008,0.0104,0.0403,0.4956,0.0381,0.0200,4,1
ISIC_0027204,0.1809,0.0125,0.0016,0.0904,0.7101,0.0033,0.0013,4,0
ISIC_0027211,0.5916,0.3691,0.0131,0.0016,0.0133,0.0053,0.0059,0,1
ISIC_0027213,0.0569,0.2256,0.0518,0.0961,0.3836,0.1751,0.0110,4,1
ISIC_0027224,0.4365,0.3671,0.0193,0.0260,0.0256,0.1049,0.0204,0,1
ISIC_0027232,0.0178,0.1567,0.0041,0.0125,0.7560,0.0388,0.0142,4,1
ISIC_0027235,0.6187,0.3659,0.0003,0.0006,0.0080,0.0027,0.0038,0,1
ISIC_0027239,0.0398,0.0020,0.2684,0.2674,0.1549,0.2650,0.0025,2,4
ISIC_0027242,0.0135,0.1109,0.0461,0.7211,0.0928,0.0128,0.0028,3,1
ISIC_0027244,0.1152,0.1066,0.0029,0.0062,0.7450,0.0099,0.0142,4,1
ISIC_0027250,0.4887,0.4680,0.0042,0.0009,0.0018,0.0182,0.0182,0,1
ISIC_0027254,0.0062,0.1701,0.0219,0.1614,0.6246,0.0111,0.0048,4,3
ISIC_0027262,0.0229,0.3242,0.0126,0.0023,0.0751,0.0120,0.5508,6,1
ISIC_0027271,0.1540,0.1120,0.0107,0.4925,0.1984,0.0225,0.0100,3,1
ISIC_0027287,0.1130,0.1746,0.3931,0.0331,0.2086,0.0606,0.0172,2,4
ISIC_0027294,0.0145,0.1230,0.0341,0.2267,0.5785,0.0144,0.0088,4,3
ISIC_0027298,0.8861,0.1029,0.0009,0.0021,0.0052,0.0015,0.0013,0,1
ISIC_0027302,0.0310,0.5040,0.0015,0.0041,0.0228,0.4035,0.0331,1,0
ISIC_0027305,0.5169,0.4242,0.0084,0.0096,0.0084,0.0248,0.0077,0,1
ISIC_0027323,0.5681,0.2762,0.0040,0.0213,0.0777,0.0420,0.0107,0,1
ISIC_0027324,0.0011,0.2307,0.0005,0.0025,0.0228,0.6753,0.0671,5,1
ISIC_0027332,0.0033,0.1840,0.0287,0.0577,0.1826,0.4139,0.1297,5,4
ISIC_0027334,0.0099,0.0228,0.2309,0.0413,0.6122,0.0752,0.0077,4,3
ISIC_0027335,0.8407,0.0319,0.0139,0.0705,0.0340,0.0059,0.0032,0,4
ISIC_0027343,0.3468,0.3307,0.0116,0.0381,0.2065,0.0394,0.0269,0,3
ISIC_0027346,0.5557,0.1930,0.0029,0.0318,0.1924,0.0091,0.0151,0,1
ISIC_0027350,0.0618,0.8779,0.0036,0.0154,0.0177,0.0154,0.0082,1,0
ISIC_0027351,0.1247,0.1986,0.0986,0.1663,0.0967,0.2970,0.0181,5,1
ISIC_0027358,0.0046,0.2408,0.0336,0.1213,0.3083,0.2860,0.0054,4,1
ISIC_0027359,0.3141,0.2271,0.0158,0.0269,0.3567,0.0321,0.0274,4,0
ISIC_0027360,0.1671,0.3216,0.3674,0.0431,0.0612,0.0216,0.0179,2,1
ISIC_0027367,0.6025,0.0056,0.0028,0.0737,0.3050,0.0080,0.0023,0,4
ISIC_0027379,0.0775,0.2199,0.0117,0.0229,0.6346,0.0129,0.0205,4,1
ISIC_0027387,0.4486,0.4523,0.0040,0.0054,0.0428,0.0260,0.0209,1,0
ISIC_0027394,0.3255,0.2193,0.1600,0.0158,0.2389,0.0153,0.0252,0,4
ISIC_0027397,0.1184,0.0625,0.0234,0.1254,0.4867,0.1717,0.0121,4,1
ISIC_0027401,0.7226,0.2459,0.0010,0.0041,0.0150,0.0089,0.0026,0,1
ISIC_0027402,0.0607,0.7231,0.0185,0.0436,0.1192,0.0261,0.0088,1,0
ISIC_0027420,0.4333,0.5045,0.0021,0.0107,0.0347,0.0092,0.0055,1,0
ISIC_0027421,0.0012,0.2368,0.0434,0.0451,0.6355,0.0324,0.0057,4,1
ISIC_0027429,0.1018,0.1327,0.0026,0.0015,0.0068,0.2569,0.4976,6,1
ISIC_0027436,0.1644,0.0230,0.0093,0.3806,0.2037,0.2008,0.0182,3,0
ISIC_0027452,0.4652,0.0084,0.0180,0.3916,0.1019,0.0123,0.0027,0,3
ISIC_0027455,0.4378,0.4633,0.0091,0.0098,0.0314,0.0225,0.0261,1,4
ISIC_0027462,0.8657,0.1230,0.0038,0.0008,0.0015,0.0030,0.0022,0,1
ISIC_0027466,0.8893,0.0936,0.0017,0.0019,0.0086,0.0027,0.0022,0,1
ISIC_0027468,0.1074,0.1848,0.0175,0.0425,0.6107,0.0194,0.0176,4,1
ISIC_0027469,0.7566,0.1781,0.0007,0.0127,0.0035,0.0254,0.0229,0,1
ISIC_0027471,0.2085,0.1746,0.0082,0.0116,0.5535,0.0091,0.0345,4,1
ISIC_0027480,0.1355,0.7890,0.0025,0.0064,0.0502,0.0086,0.0079,1,0
ISIC_0027490,0.0944,0.2622,0.0055,0.0158,0.1110,0.4840,0.0271,5,1
ISIC_0027502,0.2588,0.3459,0.0301,0.0461,0.2734,0.0342,0.0115,1,0
ISIC_0027507,0.0973,0.7451,0.0034,0.0056,0.1314,0.0081,0.0092,1,0
ISIC_0027512,0.5003,0.1353,0.0040,0.0535,0.2936,0.0083,0.0050,0,1
ISIC_0027517,0.1514,0.0267,0.0107,0.1932,0.6018,0.0101,0.0061,4,0
ISIC_0027535,0.1450,0.0557,0.0076,0.0759,0.5765,0.0108,0.1286,4,1
ISIC_0027540,0.7224,0.1510,0.0035,0.0365,0.0135,0.0432,0.0299,0,1
ISIC_0027561,0.1194,0.0142,0.0025,0.0482,0.8072,0.0058,0.0029,4,0
ISIC_0027568,0.1467,0.0984,0.0127,0.3420,0.2806,0.0959,0.0237,3,1
ISIC_0027607,0.4194,0.2652,0.0015,0.0066,0.2965,0.0060,0.0047,0,1
ISIC_0027615,0.0550,0.0044,0.0041,0.3411,0.5124,0.0795,0.0034,4,3
ISIC_0027616,0.1187,0.5046,0.1063,0.0208,0.0240,0.1840,0.0416,1,0
ISIC_0027620,0.2052,0.7116,0.0069,0.0306,0.0085,0.0106,0.0268,1,0
ISIC_0027640,0.5375,0.1757,0.0015,0.1617,0.0310,0.0796,0.0129,0,1
ISIC_0027642,0.4805,0.2168,0.0046,0.0353,0.0675,0.1305,0.0649,0,1
ISIC_0027649,0.4871,0.0221,0.0099,0.0225,0.4467,0.0055,0.0062,0,4
ISIC_0027650,0.0274,0.0184,0.0305,0.2688,0.6322,0.0175,0.0052,4,3
ISIC_0027667,0.4284,0.3874,0.0093,0.0172,0.0204,0.1084,0.0290,0,1
ISIC_0027668,0.1342,0.0604,0.0168,0.1030,0.6562,0.0230,0.0063,4,3
ISIC_0027684,0.8526,0.1416,0.0006,0.0005,0.0017,0.0015,0.0015,0,1
ISIC_0027700,0.0480,0.0813,0.1645,0.0848,0.5980,0.0173,0.0060,4,3
ISIC_0027707,0.0660,0.3904,0.0280,0.0105,0.0191,0.4649,0.0210,5,1
ISIC_0027721,0.3475,0.0008,0.0023,0.1182,0.5284,0.0022,0.0005,4,0
ISIC_0027760,0.0039,0.0011,0.0085,0.8795,0.1035,0.0031,0.0005,3,4
ISIC_0027767,0.0094,0.0051,0.3321,0.0527,0.5934,0.0060,0.0013,4,3
ISIC_0027772,0.4362,0.4292,0.0227,0.0134,0.0367,0.0546,0.0072,0,1
ISIC_0027776,0.2141,0.0006,0.0018,0.0192,0.7633,0.0005,0.0004,4,0
ISIC_0027783,0.0423,0.3336,0.0059,0.0094,0.5983,0.0044,0.0061,4,1
ISIC_0027793,0.0227,0.9200,0.0019,0.0063,0.0377,0.0057,0.0058,1,0
ISIC_0027797,0.2604,0.6320,0.0036,0.0062,0.0559,0.0312,0.0106,1,0
ISIC_0027829,0.0703,0.0066,0.0020,0.0453,0.8654,0.0070,0.0034,4,3
ISIC_0027832,0.1557,0.5648,0.0098,0.0290,0.2190,0.0143,0.0074,1,0
ISIC_0027838,0.3323,0.5861,0.0008,0.0009,0.0073,0.0631,0.0096,1,0
ISIC_0027839,0.5239,0.2773,0.0025,0.0841,0.0064,0.0905,0.0153,0,1
ISIC_0027852,0.4449,0.0708,0.0014,0.0093,0.4561,0.0104,0.0071,4,1
ISIC_0027858,0.2458,0.0103,0.1779,0.0695,0.4649,0.0135,0.0180,4,2
ISIC_0027859,0.0111,0.0170,0.0006,0.7345,0.2239,0.0026,0.0102,3,4
ISIC_0027861,0.1319,0.3064,0.0071,0.3370,0.1606,0.0402,0.0169,3,1
ISIC_0027876,0.0210,0.0059,0.2282,0.6163,0.0736,0.0495,0.0055,3,5
ISIC_0027883,0.1833,0.2424,0.0114,0.2935,0.2124,0.0384,0.0186,3,1
ISIC_0027889,0.3555,0.1149,0.0819,0.0470,0.3429,0.0199,0.0380,0,1
ISIC_0027900,0.4014,0.4852,0.0036,0.0194,0.0705,0.0143,0.0056,1,0
ISIC_0027905,0.1082,0.5742,0.0351,0.0082,0.1968,0.0529,0.0246,1,4
ISIC_0027907,0.4966,0.4302,0.0007,0.0019,0.0563,0.0066,0.0076,0,1
ISIC_0027911,0.0407,0.2285,0.0672,0.0796,0.4877,0.0852,0.0112,4,1
ISIC_0027915,0.1090,0.0031,0.3040,0.5190,0.0273,0.0345,0.0031,3,2
ISIC_0027928,0.4072,0.0996,0.0049,0.0318,0.4344,0.0109,0.0112,4,1
ISIC_0027949,0.3765,0.1875,0.0095,0.2496,0.1099,0.0423,0.0246,0,1
ISIC_0027956,0.4279,0.5391,0.0012,0.0072,0.0025,0.0140,0.0081,1,0
ISIC_0027984,0.4606,0.3626,0.0217,0.0160,0.0438,0.0725,0.0228,0,1
ISIC_0027989,0.8066,0.1187,0.0005,0.0048,0.0432,0.0047,0.0214,0,4
ISIC_0027991,0.5309,0.0128,0.0210,0.1281,0.2855,0.0158,0.0058,0,4
ISIC_0028016,0.0033,0.2893,0.1752,0.0308,0.0135,0.4730,0.0149,5,1
ISIC_0028017,0.2880,0.4953,0.0075,0.0086,0.1209,0.0659,0.0137,1,0
ISIC_0028022,0.3972,0.0043,0.0033,0.4408,0.0871,0.0635,0.0039,3,0
ISIC_0028041,0.0356,0.0052,0.0040,0.0057,0.0153,0.9256,0.0086,5,0
ISIC_0028051,0.2100,0.1857,0.0447,0.3503,0.1047,0.0835,0.0210,3,0
ISIC_0028056,0.0878,0.0549,0.0733,0.3053,0.4594,0.0137,0.0056,4,0
ISIC_0028065,0.1072,0.7939,0.0127,0.0162,0.0536,0.0106,0.0058,1,0
ISIC_0028069,0.4080,0.5742,0.0036,0.0049,0.0033,0.0027,0.0033,1,0
ISIC_0028103,0.1889,0.1373,0.0122,0.0459,0.5813,0.0121,0.0223,4,0
ISIC_0028104,0.0182,0.0085,0.9006,0.0054,0.0503,0.0073,0.0098,2,4
ISIC_0028109,0.2665,0.7081,0.0021,0.0036,0.0072,0.0101,0.0023,1,0
ISIC_0028118,0.5734,0.2630,0.0057,0.0097,0.1316,0.0037,0.0128,0,1
ISIC_0028126,0.0242,0.9683,0.0005,0.0003,0.0003,0.0041,0.0022,1,0
ISIC_0028128,0.1775,0.1254,0.2544,0.1075,0.2729,0.0504,0.0118,4,1
ISIC_0028130,0.1916,0.3461,0.0067,0.0742,0.3466,0.0222,0.0127,4,1
ISIC_0028131,0.4473,0.3680,0.0484,0.0036,0.0957,0.0070,0.0302,0,1
ISIC_0028132,0.0001,0.0000,0.9834,0.0161,0.0002,0.0001,0.0000,2,3
ISIC_0028148,0.0487,0.8921,0.0160,0.0052,0.0287,0.0033,0.0060,1,0
ISIC_0028151,0.5218,0.1414,0.0081,0.0430,0.2270,0.0454,0.0132,0,1
ISIC_0028155,0.2003,0.0241,0.2542,0.2561,0.0521,0.0687,0.1444,3,2
ISIC_0028166,0.0229,0.0547,0.0858,0.0069,0.0400,0.7646,0.0253,5,1
ISIC_0028173,0.0771,0.6269,0.1893,0.0099,0.0298,0.0414,0.0256,1,0
ISIC_0028174,0.2147,0.0288,0.0938,0.2673,0.3302,0.0502,0.0151,4,1
ISIC_0028179,0.0101,0.0072,0.2353,0.6643,0.0703,0.0099,0.0028,3,1
ISIC_0028186,0.7087,0.2636,0.0008,0.0036,0.0129,0.0049,0.0054,0,1
ISIC_0028194,0.4704,0.4575,0.0010,0.0372,0.0042,0.0043,0.0254,0,1
ISIC_0028214,0.0066,0.2285,0.0501,0.0131,0.6210,0.0142,0.0664,4,1
ISIC_0028215,0.1964,0.0039,0.0463,0.4661,0.2646,0.0112,0.0116,3,0
ISIC_0028216,0.0079,0.0199,0.0538,0.8634,0.0420,0.0115,0.0015,3,1
ISIC_0028217,0.4856,0.4653,0.0014,0.0115,0.0199,0.0060,0.0104,0,1
ISIC_0028219,0.0641,0.8651,0.0031,0.0029,0.0334,0.0269,0.0044,1,0
ISIC_0028222,0.0170,0.2376,0.0766,0.0345,0.5919,0.0351,0.0073,4,1
ISIC_0028231,0.8253,0.0052,0.0017,0.1364,0.0187,0.0111,0.0016,0,3
ISIC_0028243,0.5683,0.4066,0.0032,0.0029,0.0033,0.0080,0.0077,0,1
ISIC_0028261,0.4195,0.0111,0.0016,0.0121,0.5494,0.0045,0.0018,4,1
ISIC_0028271,0.5214,0.4541,0.0013,0.0028,0.0021,0.0149,0.0033,0,1
ISIC_0028285,0.0522,0.0006,0.0084,0.8676,0.0657,0.0026,0.0028,3,0
ISIC_0028306,0.2426,0.5823,0.0232,0.0210,0.0339,0.0735,0.0236,1,0
ISIC_0028309,0.1230,0.5163,0.0045,0.0026,0.3091,0.0103,0.0344,1,4
ISIC_0028317,0.4858,0.0083,0.0022,0.0147,0.4863,0.0015,0.0012,4,0
ISIC_0028335,0.1683,0.0242,0.0180,0.1794,0.5031,0.0971,0.0097,4,3
ISIC_0028338,0.0993,0.1650,0.0040,0.0247,0.6160,0.0601,0.0309,4,1
ISIC_0028344,0.0906,0.3016,0.0074,0.0233,0.5331,0.0232,0.0210,4,1
ISIC_0028353,0.0040,0.1284,0.0589,0.0064,0.2460,0.0349,0.5214,6,1
ISIC_0028364,0.7201,0.1705,0.0274,0.0228,0.0400,0.0110,0.0081,0,1
ISIC_0028373,0.5669,0.3618,0.0031,0.0050,0.0545,0.0050,0.0037,0,1
ISIC_0028384,0.0008,0.3636,0.0020,0.2145,0.3859,0.0298,0.0034,4,1
ISIC_0028400,0.0004,0.0124,0.8744,0.0021,0.0487,0.0053,0.0568,2,1
ISIC_0028404,0.0028,0.0009,0.4041,0.5211,0.0684,0.0020,0.0007,3,4
ISIC_0028414,0.0186,0.0710,0.0090,0.6127,0.2668,0.0173,0.0047,3,4
ISIC_0028415,0.1397,0.0211,0.0032,0.0324,0.0071,0.7794,0.0170,5,0
ISIC_0028420,0.3119,0.1719,0.0055,0.0153,0.4789,0.0077,0.0090,4,1
ISIC_0028447,0.5776,0.0104,0.0010,0.0209,0.3848,0.0024,0.0027,0,1
ISIC_0028450,0.4933,0.1331,0.0136,0.1829,0.1445,0.0232,0.0093,0,1
ISIC_0028461,0.7433,0.0734,0.0039,0.0099,0.0052,0.1608,0.0034,0,1
ISIC_0028476,0.2527,0.1159,0.0020,0.0037,0.6158,0.0055,0.0045,4,1
ISIC_0028478,0.1115,0.1292,0.0119,0.0611,0.6630,0.0135,0.0098,4,1
ISIC_0028489,0.2436,0.2092,0.0112,0.0229,0.4314,0.0268,0.0550,4,0
ISIC_0028493,0.2696,0.1450,0.1188,0.0771,0.2990,0.0714,0.0191,4,0
ISIC_0028498,0.4122,0.0405,0.0220,0.0576,0.4356,0.0177,0.0145,4,1
ISIC_0028519,0.1296,0.0012,0.3282,0.1853,0.0047,0.3439,0.0072,5,0
ISIC_0028528,0.6517,0.2044,0.0017,0.0034,0.1324,0.0033,0.0030,0,1
ISIC_0028537,0.2287,0.0129,0.0015,0.1251,0.0241,0.6056,0.0021,5,0
ISIC_0028544,0.1872,0.2457,0.0524,0.0378,0.3404,0.1266,0.0097,4,1
ISIC_0028551,0.3729,0.2391,0.0214,0.0517,0.2625,0.0194,0.0329,0,1
ISIC_0028560,0.1859,0.4144,0.0352,0.0517,0.2967,0.0081,0.0079,1,4
ISIC_0028562,0.0090,0.0378,0.7109,0.1270,0.0891,0.0125,0.0138,2,1
ISIC_0028565,0.1494,0.5783,0.0166,0.0046,0.2083,0.0197,0.0231,1,0
ISIC_0028567,0.0425,0.6709,0.0047,0.0309,0.1940,0.0490,0.0080,1,0
ISIC_0028571,0.6038,0.2845,0.0030,0.0143,0.0782,0.0096,0.0066,0,1
ISIC_0028576,0.5397,0.4094,0.0034,0.0024,0.0062,0.0092,0.0296,0,1
ISIC_0028579,0.1661,0.8078,0.0033,0.0021,0.0135,0.0019,0.0051,1,0
ISIC_0028593,0.0004,0.0066,0.0030,0.5681,0.4099,0.0105,0.0016,3,4
ISIC_0028598,0.0310,0.3135,0.0168,0.1356,0.4303,0.0630,0.0099,4,1
ISIC_0028599,0.0432,0.2543,0.1053,0.2213,0.3255,0.0212,0.0293,4,1
ISIC_0028600,0.5208,0.3925,0.0017,0.0180,0.0504,0.0070,0.0097,0,1
ISIC_0028611,0.0020,0.0005,0.0201,0.7509,0.0052,0.2202,0.0012,3,4
ISIC_0028619,0.0031,0.0005,0.0030,0.4266,0.5529,0.0132,0.0006,4,3
ISIC_0028622,0.2159,0.0014,0.4876,0.0059,0.2755,0.0019,0.0118,2,4
ISIC_0028625,0.8278,0.0685,0.0158,0.0215,0.0521,0.0057,0.0086,0,1
ISIC_0028628,0.1851,0.0095,0.0204,0.4896,0.2675,0.0229,0.0048,3,4
ISIC_0028632,0.0638,0.3201,0.0394,0.0944,0.4460,0.0253,0.0111,4,1
ISIC_0028633,0.0139,0.1203,0.0019,0.0046,0.8323,0.0213,0.0058,4,1
ISIC_0028637,0.8156,0.0846,0.0016,0.0602,0.0219,0.0124,0.0036,0,1
ISIC_0028643,0.0230,0.1590,0.0218,0.1491,0.4313,0.2111,0.0047,4,1
ISIC_0028665,0.2473,0.3087,0.0054,0.0311,0.3869,0.0127,0.0080,4,1
ISIC_0028688,0.0620,0.0594,0.0928,0.6642,0.1017,0.0140,0.0060,3,2
ISIC_0028694,0.0075,0.4287,0.0319,0.0076,0.4836,0.0260,0.0147,4,1
ISIC_0028706,0.0857,0.0170,0.0002,0.0003,0.0013,0.0037,0.8919,6,1
ISIC_0028707,0.0230,0.0009,0.0096,0.8175,0.1298,0.0187,0.0005,3,4
ISIC_0028718,0.0605,0.8270,0.0011,0.0046,0.0814,0.0150,0.0105,1,0
ISIC_0028724,0.6077,0.2042,0.0004,0.0067,0.0055,0.0208,0.1547,0,1
ISIC_0028730,0.0060,0.0010,0.0291,0.4566,0.0062,0.4995,0.0015,5,3
ISIC_0028736,0.5108,0.4097,0.0051,0.0050,0.0509,0.0121,0.0064,0,1
ISIC_0028749,0.0474,0.0057,0.0105,0.5202,0.4006,0.0129,0.0026,3,4
ISIC_0028755,0.0406,0.1377,0.0052,0.0182,0.7769,0.0132,0.0083,4,1
ISIC_0028758,0.0890,0.0018,0.2600,0.1869,0.4561,0.0030,0.0032,4,1
ISIC_0028759,0.3447,0.2813,0.0013,0.0029,0.0005,0.3541,0.0152,5,1
ISIC_0028760,0.0390,0.9512,0.0004,0.0019,0.0009,0.0025,0.0042,1,0
ISIC_0028763,0.3600,0.0383,0.0924,0.3080,0.1627,0.0136,0.0250,0,3
ISIC_0028764,0.2487,0.4760,0.0027,0.0117,0.2317,0.0134,0.0159,1,0
ISIC_0028771,0.0049,0.4014,0.0051,0.0083,0.4303,0.1230,0.0269,4,1
ISIC_0028774,0.0995,0.0003,0.0037,0.5454,0.3443,0.0061,0.0007,3,4
ISIC_0028800,0.4514,0.4491,0.0010,0.0122,0.0219,0.0466,0.0179,0,1
ISIC_0028808,0.7560,0.1021,0.0008,0.0451,0.0185,0.0596,0.0180,0,1
ISIC_0028810,0.9079,0.0373,0.0030,0.0257,0.0083,0.0154,0.0025,0,1
ISIC_0028831,0.6173,0.3179,0.0107,0.0014,0.0113,0.0276,0.0139,0,1
ISIC_0028842,0.0117,0.0003,0.0019,0.5245,0.4593,0.0017,0.0004,3,4
ISIC_0028847,0.2416,0.6803,0.0055,0.0387,0.0133,0.0074,0.0132,1,0
ISIC_0028853,0.0047,0.3810,0.0012,0.0047,0.5634,0.0416,0.0033,4,1
ISIC_0028857,0.4777,0.3493,0.0075,0.0340,0.0864,0.0103,0.0349,0,1
ISIC_0028860,0.3449,0.0173,0.0060,0.6136,0.0146,0.0023,0.0013,3,0
ISIC_0028870,0.0045,0.1013,0.0291,0.0100,0.1839,0.0041,0.6670,6,1
ISIC_0028873,0.3663,0.0068,0.0012,0.0103,0.6112,0.0028,0.0013,4,1
ISIC_0028878,0.2642,0.2143,0.0039,0.0320,0.4655,0.0143,0.0059,4,0
ISIC_0028881,0.2423,0.3350,0.0235,0.0582,0.3232,0.0096,0.0082,1,4
ISIC_0028894,0.5655,0.3124,0.0115,0.0112,0.0050,0.0865,0.0080,0,1
ISIC_0028909,0.1836,0.3246,0.0014,0.0059,0.4491,0.0280,0.0075,4,1
ISIC_0028926,0.0168,0.0183,0.2698,0.6438,0.0034,0.0454,0.0026,3,5
ISIC_0028930,0.1336,0.5664,0.0174,0.0393,0.2250,0.0143,0.0041,1,0
ISIC_0028943,0.0048,0.0011,0.0392,0.6851,0.2648,0.0031,0.0019,3,4
ISIC_0028969,0.2337,0.0140,0.0033,0.0562,0.6848,0.0031,0.0049,4,0
ISIC_0028978,0.0132,0.0222,0.1602,0.0317,0.2562,0.5014,0.0152,5,2
ISIC_0028984,0.1979,0.6412,0.0038,0.0113,0.1217,0.0154,0.0087,1,0
ISIC_0028987,0.1772,0.2124,0.0226,0.0692,0.2398,0.2530,0.0258,5,1
ISIC_0028990,0.3184,0.0247,0.0025,0.2451,0.2362,0.1692,0.0039,0,3
ISIC_0028993,0.1907,0.3212,0.0021,0.0126,0.4621,0.0072,0.0042,4,1
ISIC_0028995,0.0730,0.7301,0.0032,0.0131,0.1393,0.0236,0.0178,1,4
ISIC_0028999,0.5913,0.3688,0.0010,0.0013,0.0215,0.0124,0.0038,0,1
ISIC_0029002,0.0158,0.0058,0.7886,0.1089,0.0602,0.0180,0.0027,2,3
ISIC_0029013,0.4179,0.5112,0.0039,0.0093,0.0037,0.0140,0.0401,1,0
ISIC_0029015,0.0000,0.4087,0.0001,0.0000,0.0000,0.0007,0.5904,6,1
ISIC_0029017,0.2103,0.7827,0.0011,0.0001,0.0002,0.0026,0.0029,1,0
ISIC_0029021,0.3369,0.5259,0.0047,0.0196,0.0868,0.0125,0.0137,1,0
ISIC_0029035,0.0017,0.0001,0.0085,0.9451,0.0432,0.0009,0.0005,3,2
ISIC_0029039,0.0118,0.0649,0.0259,0.4759,0.2900,0.1214,0.0099,3,5
ISIC_0029046,0.6671,0.1292,0.0060,0.0381,0.1389,0.0127,0.0080,0,1
ISIC_0029054,0.5286,0.3538,0.0023,0.0088,0.0917,0.0093,0.0055,0,1
ISIC_0029059,0.0001,0.0002,0.9943,0.0031,0.0013,0.0007,0.0002,2,3
ISIC_0029068,0.0014,0.0906,0.4202,0.1771,0.1210,0.1795,0.0103,2,4
ISIC_0029070,0.0086,0.0021,0.0048,0.6962,0.2829,0.0046,0.0008,3,4
ISIC_0029089,0.1324,0.0071,0.0247,0.7638,0.0498,0.0187,0.0034,3,0
ISIC_0029115,0.0047,0.0059,0.5690,0.0372,0.3548,0.0237,0.0047,2,4
ISIC_0029126,0.0002,0.0004,0.2984,0.6181,0.0077,0.0746,0.0007,3,4
ISIC_0029141,0.0505,0.0113,0.0369,0.0539,0.8327,0.0092,0.0055,4,3
ISIC_0029145,0.0408,0.1678,0.7161,0.0247,0.0111,0.0321,0.0074,2,1
ISIC_0029147,0.0001,0.0001,0.7103,0.2827,0.0007,0.0057,0.0003,2,4
ISIC_0029166,0.1964,0.5060,0.0024,0.0084,0.2719,0.0095,0.0053,1,4
ISIC_0029170,0.0375,0.5459,0.0030,0.0305,0.3497,0.0286,0.0048,1,0
ISIC_0029174,0.0112,0.0636,0.1219,0.0079,0.0313,0.0049,0.7591,6,1
ISIC_0029182,0.0183,0.1843,0.1227,0.2049,0.1973,0.2654,0.0071,5,1
ISIC_0029201,0.0051,0.0397,0.2421,0.0019,0.0897,0.1705,0.4510,6,2
ISIC_0029203,0.0492,0.2210,0.1597,0.0403,0.2379,0.2424,0.0494,5,1
ISIC_0029209,0.0537,0.8508,0.0101,0.0091,0.0329,0.0382,0.0053,1,0
ISIC_0029216,0.2553,0.0219,0.6655,0.0226,0.0190,0.0088,0.0070,2,0
ISIC_0029223,0.0117,0.3451,0.0078,0.0475,0.5302,0.0526,0.0051,4,1
ISIC_0029231,0.0838,0.1498,0.0055,0.0144,0.6394,0.1013,0.0059,4,1
ISIC_0029249,0.0017,0.0006,0.0014,0.8309,0.1533,0.0118,0.0004,3,4
ISIC_0029252,0.0059,0.0160,0.0007,0.0013,0.9700,0.0043,0.0018,4,1
ISIC_0029254,0.0097,0.3293,0.0076,0.0332,0.5746,0.0405,0.0051,4,1
ISIC_0029272,0.1962,0.5966,0.0016,0.0888,0.0667,0.0453,0.0048,1,0
ISIC_0029277,0.0981,0.1693,0.0692,0.6194,0.0181,0.0212,0.0047,3,1
ISIC_0029289,0.1777,0.3673,0.0084,0.0296,0.3218,0.0590,0.0361,1,4
ISIC_0029301,0.0596,0.7931,0.0132,0.0019,0.0835,0.0275,0.0213,1,4
ISIC_0029323,0.1038,0.0160,0.2982,0.3602,0.0620,0.1179,0.0419,3,2
ISIC_0029339,0.1388,0.1662,0.0108,0.0650,0.0950,0.5090,0.0153,5,1
ISIC_0029353,0.2210,0.0038,0.0402,0.4771,0.1547,0.0958,0.0073,3,0
ISIC_0029359,0.5763,0.1292,0.0082,0.0589,0.1991,0.0175,0.0107,0,1
ISIC_0029360,0.0560,0.0023,0.7883,0.0493,0.0814,0.0179,0.0048,2,3
ISIC_0029362,0.0033,0.0018,0.8792,0.0851,0.0111,0.0170,0.0024,2,3
ISIC_0029389,0.1684,0.2261,0.0189,0.1220,0.3162,0.1123,0.0362,4,1
ISIC_0029390,0.0559,0.1760,0.2393,0.1829,0.1659,0.0544,0.1255,2,1
ISIC_0029396,0.0112,0.0673,0.6728,0.0234,0.2207,0.0021,0.0025,2,4
ISIC_0029397,0.1651,0.7785,0.0002,0.0003,0.0213,0.0339,0.0008,1,0
ISIC_0029405,0.0723,0.2893,0.3723,0.1048,0.0062,0.1341,0.0210,2,1
ISIC_0029413,0.5923,0.0719,0.0150,0.0385,0.2700,0.0077,0.0047,0,4
ISIC_0029417,0.0179,0.0006,0.1768,0.3421,0.3950,0.0666,0.0009,4,3
ISIC_0029418,0.2802,0.4279,0.0113,0.0080,0.1788,0.0488,0.0451,1,4
ISIC_0029432,0.0113,0.2403,0.0029,0.0157,0.6892,0.0260,0.0145,4,1
ISIC_0029435,0.8287,0.1691,0.0005,0.0000,0.0001,0.0004,0.0011,0,1
ISIC_0029441,0.0072,0.3459,0.6335,0.0043,0.0010,0.0054,0.0029,2,1
ISIC_0029444,0.0070,0.3094,0.0216,0.0008,0.0055,0.3195,0.3362,6,1
ISIC_0029452,0.8934,0.0101,0.0015,0.0131,0.0773,0.0033,0.0012,0,1
ISIC_0029453,0.0598,0.5817,0.1825,0.0070,0.0435,0.0145,0.1108,1,0
ISIC_0029460,0.0232,0.0004,0.0042,0.3525,0.6129,0.0065,0.0004,4,3
ISIC_0029465,0.6575,0.3053,0.0022,0.0029,0.0098,0.0043,0.0181,0,1
ISIC_0029479,0.0077,0.0132,0.0364,0.4656,0.4653,0.0101,0.0017,3,1
ISIC_0029486,0.0338,0.0828,0.0297,0.0513,0.6329,0.1462,0.0233,4,6
ISIC_0029488,0.2656,0.1730,0.0490,0.0505,0.4114,0.0179,0.0326,4,1
ISIC_0029502,0.2867,0.6885,0.0065,0.0013,0.0047,0.0043,0.0081,1,0
ISIC_0029513,0.3494,0.0103,0.0064,0.1959,0.4066,0.0254,0.0060,4,0
ISIC_0029522,0.0696,0.0294,0.0066,0.4905,0.3631,0.0219,0.0190,3,4
ISIC_0029525,0.0180,0.0004,0.0008,0.7502,0.2299,0.0005,0.0003,3,4
ISIC_0029528,0.0120,0.3007,0.0375,0.1563,0.4386,0.0499,0.0051,4,1
ISIC_0029530,0.4987,0.3525,0.0148,0.0183,0.0865,0.0200,0.0091,0,1
ISIC_0029538,0.3192,0.5959,0.0042,0.0158,0.0439,0.0063,0.0148,1,0
ISIC_0029544,0.0276,0.3002,0.0293,0.0084,0.5717,0.0379,0.0249,4,1
ISIC_0029548,0.7769,0.1995,0.0002,0.0011,0.0127,0.0007,0.0091,0,4
ISIC_0029549,0.0028,0.0013,0.4894,0.4642,0.0323,0.0082,0.0019,2,3
ISIC_0029554,0.2286,0.1378,0.5278,0.0388,0.0240,0.0241,0.0188,2,1
ISIC_0029559,0.0701,0.3911,0.2632,0.0143,0.2266,0.0123,0.0225,1,4
ISIC_0029562,0.1038,0.3296,0.2542,0.0233,0.1451,0.0523,0.0917,1,0
ISIC_0029570,0.2751,0.3491,0.0013,0.0110,0.3356,0.0230,0.0049,1,0
ISIC_0029576,0.5983,0.0117,0.0074,0.0195,0.3566,0.0030,0.0035,0,4
ISIC_0029592,0.0008,0.1559,0.0015,0.0005,0.2728,0.5643,0.0042,5,1
ISIC_0029598,0.0087,0.0110,0.8648,0.0425,0.0401,0.0300,0.0028,2,3
ISIC_0029600,0.1767,0.3075,0.0186,0.0113,0.0279,0.0164,0.4416,6,4
ISIC_0029606,0.2386,0.7440,0.0015,0.0013,0.0014,0.0036,0.0096,1,0
ISIC_0029617,0.3582,0.3061,0.0044,0.1140,0.0941,0.1134,0.0098,0,4
ISIC_0029636,0.5736,0.3828,0.0016,0.0025,0.0277,0.0066,0.0053,0,1
ISIC_0029640,0.0705,0.2162,0.0687,0.0217,0.0362,0.5598,0.0268,5,1
ISIC_0029647,0.1410,0.0087,0.3868,0.0528,0.3881,0.0099,0.0126,4,2
ISIC_0029661,0.1729,0.3778,0.0270,0.0173,0.3866,0.0089,0.0096,4,1
ISIC_0029665,0.4954,0.2745,0.0053,0.0647,0.1222,0.0301,0.0078,0,1
ISIC_0029678,0.2944,0.6482,0.0055,0.0077,0.0276,0.0047,0.0121,1,4
ISIC_0029683,0.4689,0.1562,0.0025,0.0380,0.3103,0.0194,0.0049,0,4
ISIC_0029687,0.1056,0.5899,0.0228,0.0096,0.1565,0.0966,0.0190,1,4
ISIC_0029719,0.5385,0.2309,0.0320,0.0288,0.1370,0.0131,0.0197,0,1
ISIC_0029723,0.0054,0.4567,0.0000,0.0000,0.0000,0.0003,0.5375,6,1
ISIC_0029724,0.0432,0.2912,0.0330,0.0117,0.0531,0.5415,0.0264,5,1
ISIC_0029725,0.8111,0.1655,0.0007,0.0024,0.0151,0.0039,0.0014,0,1
ISIC_0029726,0.2635,0.0004,0.0103,0.6882,0.0332,0.0040,0.0003,3,0
ISIC_0029728,0.0624,0.1279,0.7747,0.0010,0.0020,0.0246,0.0073,2,1
ISIC_0029729,0.0917,0.1367,0.6437,0.0873,0.0138,0.0145,0.0123,2,1
ISIC_0029733,0.1394,0.1913,0.5389,0.0365,0.0545,0.0254,0.0141,2,1
ISIC_0029740,0.1414,0.4101,0.0040,0.0098,0.4221,0.0077,0.0049,4,0
ISIC_0029746,0.4275,0.1463,0.0161,0.0521,0.3178,0.0224,0.0178,0,1
ISIC_0029764,0.0067,0.0013,0.2103,0.5906,0.1817,0.0036,0.0059,3,4
ISIC_0029779,0.0055,0.0353,0.1715,0.0018,0.0715,0.3610,0.3533,5,2
ISIC_0029780,0.1833,0.0070,0.0012,0.8019,0.0036,0.0027,0.0003,3,0
ISIC_0029783,0.0430,0.0450,0.0517,0.7537,0.0893,0.0111,0.0063,3,5
ISIC_0029786,0.3846,0.3765,0.0052,0.0110,0.0183,0.0571,0.1474,0,1
ISIC_0029802,0.0185,0.0035,0.0633,0.6709,0.2359,0.0062,0.0016,3,4
ISIC_0029830,0.0199,0.0030,0.3666,0.2871,0.3135,0.0064,0.0035,2,3
ISIC_0029839,0.1403,0.8167,0.0049,0.0055,0.0183,0.0048,0.0095,1,0
ISIC_0029843,0.1561,0.7392,0.0054,0.0170,0.0596,0.0136,0.0092,1,0
ISIC_0029855,0.4978,0.1229,0.2758,0.0339,0.0302,0.0183,0.0212,0,1
ISIC_0029859,0.0897,0.7591,0.0282,0.0261,0.0117,0.0768,0.0083,1,0
ISIC_0029881,0.6383,0.2830,0.0036,0.0333,0.0233,0.0111,0.0075,0,1
ISIC_0029891,0.1203,0.0077,0.6446,0.1368,0.0446,0.0304,0.0156,2,5
ISIC_0029905,0.1580,0.3045,0.0129,0.1129,0.3736,0.0250,0.0131,4,1
ISIC_0029915,0.0105,0.0044,0.3056,0.2689,0.0153,0.3933,0.0021,5,3
ISIC_0029926,0.5290,0.3007,0.0043,0.0487,0.0832,0.0261,0.0080,0,1
ISIC_0029929,0.2695,0.0036,0.0066,0.3542,0.3535,0.0098,0.0029,3,4
ISIC_0029933,0.3466,0.5044,0.0121,0.0059,0.0182,0.0313,0.0817,1,0
ISIC_0029937,0.2981,0.1285,0.0033,0.0282,0.3738,0.1503,0.0178,4,0
ISIC_0029945,0.8951,0.0903,0.0005,0.0014,0.0102,0.0016,0.0008,0,1
ISIC_0029958,0.0540,0.0011,0.0019,0.1786,0.7577,0.0055,0.0012,4,0
ISIC_0029967,0.0207,0.0065,0.1297,0.6870,0.0208,0.1242,0.0112,3,5
ISIC_0029978,0.1745,0.3031,0.0152,0.0241,0.4299,0.0392,0.0139,4,1
ISIC_0029983,0.4956,0.4208,0.0020,0.0378,0.0317,0.0087,0.0036,0,1
ISIC_0029986,0.9945,0.0051,0.0000,0.0000,0.0001,0.0001,0.0001,0,1
ISIC_0029991,0.0002,0.0001,0.0073,0.9374,0.0189,0.0360,0.0001,3,4
ISIC_0029993,0.6172,0.3485,0.0005,0.0014,0.0029,0.0027,0.0269,0,1
ISIC_0029995,0.1172,0.0085,0.0011,0.0765,0.0209,0.7691,0.0069,5,0
ISIC_0030005,0.5524,0.0032,0.1452,0.1808,0.1036,0.0120,0.0028,0,4
ISIC_0030019,0.5104,0.4029,0.0303,0.0183,0.0193,0.0054,0.0134,0,1
ISIC_0030031,0.3040,0.0430,0.0163,0.1173,0.5095,0.0065,0.0035,4,0
ISIC_0030033,0.3926,0.2993,0.0816,0.1235,0.0465,0.0420,0.0145,0,1
ISIC_0030034,0.0281,0.1698,0.0011,0.0947,0.0612,0.5971,0.0481,5,0
ISIC_0030035,0.0134,0.2206,0.0134,0.0050,0.0042,0.0054,0.7380,6,1
ISIC_0030047,0.0542,0.7454,0.0067,0.0667,0.1061,0.0130,0.0079,1,0
ISIC_0030081,0.0331,0.0031,0.8999,0.0109,0.0370,0.0023,0.0137,2,4
ISIC_0030082,0.6558,0.2964,0.0025,0.0071,0.0087,0.0168,0.0126,0,1
ISIC_0030085,0.5353,0.3256,0.0091,0.0259,0.0689,0.0120,0.0233,0,1
ISIC_0030089,0.0060,0.2193,0.6767,0.0028,0.0002,0.0821,0.0129,2,0
ISIC_0030091,0.1184,0.2817,0.1513,0.0266,0.4046,0.0081,0.0093,4,1
ISIC_0030107,0.2084,0.6202,0.0022,0.0575,0.0185,0.0819,0.0112,1,0
ISIC_0030115,0.1109,0.2074,0.0186,0.1533,0.4612,0.0354,0.0131,4,1
ISIC_0030119,0.1958,0.0071,0.0650,0.3865,0.2700,0.0364,0.0392,3,0
ISIC_0030122,0.3807,0.5264,0.0008,0.0605,0.0168,0.0100,0.0047,1,0
ISIC_0030130,0.1404,0.0056,0.0052,0.4477,0.3326,0.0649,0.0035,3,4
ISIC_0030137,0.2446,0.0039,0.0059,0.3991,0.3179,0.0235,0.0050,3,4
ISIC_0030151,0.3386,0.0116,0.0011,0.0149,0.6291,0.0029,0.0018,4,1
ISIC_0030159,0.4265,0.3642,0.1113,0.0113,0.0560,0.0160,0.0147,0,1
ISIC_0030160,0.0012,0.0248,0.0531,0.0391,0.3280,0.5510,0.0028,5,4
ISIC_0030167,0.0029,0.3617,0.0087,0.1025,0.5017,0.0187,0.0038,4,1
ISIC_0030171,0.2771,0.5859,0.0062,0.0430,0.0438,0.0369,0.0071,1,0
ISIC_0030183,0.1529,0.7219,0.0059,0.0144,0.0820,0.0174,0.0056,1,0
ISIC_0030188,0.4374,0.0110,0.0875,0.1689,0.2806,0.0095,0.0052,0,4
ISIC_0030227,0.8843,0.0185,0.0136,0.0496,0.0223,0.0090,0.0026,0,4
ISIC_0030231,0.0030,0.0029,0.0027,0.5196,0.4645,0.0060,0.0013,3,4
ISIC_0030233,0.1773,0.0299,0.1449,0.4821,0.0296,0.1275,0.0088,3,2
ISIC_0030238,0.2387,0.6984,0.0004,0.0019,0.0046,0.0521,0.0039,1,0
ISIC_0030245,0.0165,0.0011,0.6556,0.3063,0.0059,0.0131,0.0016,2,3
ISIC_0030247,0.0064,0.1681,0.0189,0.1243,0.3142,0.3645,0.0036,5,1
ISIC_0030249,0.0210,0.0030,0.1310,0.3526,0.4579,0.0311,0.0034,4,2
ISIC_0030253,0.5350,0.3484,0.0014,0.0362,0.0279,0.0444,0.0067,0,1
ISIC_0030255,0.2748,0.6930,0.0019,0.0036,0.0083,0.0068,0.0116,1,0
ISIC_0030260,0.0870,0.0309,0.0018,0.0087,0.5806,0.0034,0.2877,4,1
ISIC_0030273,0.5031,0.2365,0.0173,0.0276,0.1908,0.0135,0.0112,0,1
ISIC_0030277,0.2501,0.0053,0.0014,0.0144,0.7232,0.0040,0.0016,4,0
ISIC_0030311,0.0536,0.0657,0.8492,0.0158,0.0042,0.0068,0.0046,2,1
ISIC_0030312,0.0164,0.0142,0.0044,0.0166,0.0051,0.9345,0.0087,5,1
ISIC_0030313,0.0000,0.3857,0.0000,0.0000,0.0000,0.0003,0.6140,6,1
ISIC_0030319,0.5047,0.0269,0.0223,0.0838,0.3242,0.0313,0.0069,0,4
ISIC_0030324,0.3138,0.0071,0.0173,0.0459,0.3192,0.2861,0.0106,4,0
ISIC_0030326,0.0319,0.3163,0.0076,0.0194,0.4682,0.1495,0.0071,4,1
ISIC_0030334,0.8407,0.1473,0.0007,0.0013,0.0060,0.0011,0.0027,0,1
ISIC_0030341,0.0043,0.0028,0.6404,0.3269,0.0230,0.0015,0.0011,2,3
ISIC_0030356,0.1344,0.7158,0.0030,0.0040,0.0031,0.0456,0.0941,1,0
ISIC_0030358,0.2681,0.1506,0.0706,0.2440,0.2233,0.0367,0.0067,0,1
ISIC_0030360,0.0254,0.3446,0.0079,0.2954,0.2996,0.0206,0.0065,1,0
ISIC_0030366,0.1736,0.5891,0.0351,0.0633,0.0600,0.0744,0.0046,1,0
ISIC_0030371,0.7676,0.2099,0.0021,0.0017,0.0029,0.0066,0.0092,0,1
ISIC_0030372,0.0008,0.0004,0.5976,0.3374,0.0605,0.0024,0.0008,2,4
ISIC_0030382,0.1605,0.0837,0.0117,0.0328,0.4285,0.2656,0.0173,4,0
ISIC_0030387,0.0020,0.0529,0.0745,0.3318,0.5100,0.0269,0.0019,4,3
ISIC_0030391,0.3930,0.5626,0.0023,0.0027,0.0078,0.0183,0.0132,1,0
ISIC_0030399,0.4796,0.3198,0.0092,0.0746,0.0344,0.0584,0.0241,0,1
ISIC_0030416,0.0799,0.1234,0.0083,0.4593,0.3036,0.0197,0.0057,3,1
ISIC_0030425,0.0427,0.0960,0.0029,0.0295,0.7704,0.0490,0.0095,4,1
ISIC_0030436,0.1039,0.0026,0.0601,0.5073,0.3171,0.0044,0.0046,3,4
ISIC_0030451,0.1468,0.1027,0.1226,0.3638,0.2487,0.0089,0.0066,3,1
ISIC_0030492,0.5627,0.3699,0.0035,0.0115,0.0255,0.0218,0.0051,0,1
ISIC_0030521,0.2119,0.1398,0.0114,0.0031,0.1113,0.0465,0.4760,6,0
ISIC_0030522,0.1279,0.5363,0.0361,0.0658,0.1854,0.0431,0.0054,1,4
ISIC_0030525,0.0243,0.4340,0.4973,0.0016,0.0176,0.0100,0.0152,2,1
ISIC_0030532,0.5940,0.0809,0.0037,0.0475,0.2146,0.0482,0.0111,0,1
ISIC_0030534,0.4716,0.3379,0.0066,0.1054,0.0504,0.0196,0.0084,0,1
ISIC_0030535,0.1638,0.0491,0.0021,0.0157,0.7642,0.0031,0.0019,4,1
ISIC_0030539,0.0554,0.0074,0.0104,0.2513,0.6715,0.0032,0.0008,4,0
ISIC_0030551,0.0738,0.1813,0.0004,0.0062,0.6669,0.0678,0.0036,4,1
ISIC_0030561,0.0308,0.3439,0.0028,0.0371,0.1691,0.4070,0.0093,5,4
ISIC_0030565,0.0242,0.0002,0.0011,0.9655,0.0079,0.0010,0.0001,3,4
ISIC_0030575,0.0325,0.9502,0.0002,0.0010,0.0141,0.0009,0.0011,1,0
ISIC_0030580,0.4418,0.0792,0.0218,0.2112,0.1756,0.0650,0.0055,0,1
ISIC_0030589,0.1635,0.2083,0.4726,0.0117,0.0134,0.0149,0.1156,2,1
ISIC_0030592,0.7964,0.1875,0.0004,0.0040,0.0026,0.0061,0.0032,0,1
ISIC_0030602,0.1262,0.0063,0.0022,0.2200,0.5331,0.1094,0.0029,4,3
ISIC_0030603,0.0309,0.0026,0.0341,0.6985,0.2263,0.0065,0.0012,3,1
ISIC_0030605,0.2084,0.6372,0.0206,0.0066,0.1070,0.0103,0.0100,1,4
ISIC_0030607,0.0745,0.0074,0.1354,0.5041,0.2602,0.0115,0.0071,3,4
ISIC_0030616,0.1998,0.0033,0.4199,0.0988,0.2289,0.0266,0.0228,2,0
ISIC_0030620,0.2919,0.2696,0.0101,0.2016,0.1366,0.0728,0.0175,0,1
ISIC_0030645,0.1940,0.2079,0.0025,0.0277,0.1455,0.3687,0.0538,5,1
ISIC_0030653,0.1721,0.0347,0.1615,0.2435,0.3067,0.0110,0.0705,4,0
ISIC_0030654,0.5111,0.4596,0.0042,0.0082,0.0025,0.0092,0.0053,0,1
ISIC_0030655,0.0045,0.0030,0.0017,0.0170,0.9728,0.0007,0.0004,4,3
ISIC_0030674,0.0541,0.0536,0.0841,0.5100,0.2529,0.0110,0.0343,3,1
ISIC_0030689,0.1953,0.0235,0.0027,0.1786,0.5593,0.0339,0.0067,4,0
ISIC_0030693,0.0008,0.4641,0.0011,0.0156,0.4924,0.0221,0.0037,4,1
ISIC_0030694,0.5942,0.0942,0.0239,0.0154,0.2268,0.0160,0.0294,0,1
ISIC_0030695,0.0896,0.4565,0.0425,0.0330,0.3322,0.0343,0.0119,1,0
ISIC_0030700,0.0353,0.0043,0.0485,0.8332,0.0460,0.0297,0.0029,3,4
ISIC_0030706,0.6066,0.2159,0.0382,0.0998,0.0266,0.0073,0.0057,0,4
ISIC_0030707,0.0665,0.0080,0.1029,0.2654,0.5347,0.0099,0.0126,4,3
ISIC_0030730,0.0171,0.0025,0.0131,0.0630,0.8941,0.0085,0.0018,4,3
ISIC_0030737,0.0033,0.0352,0.0672,0.7524,0.1160,0.0215,0.0043,3,2
ISIC_0030743,0.0110,0.2264,0.0059,0.0213,0.7021,0.0239,0.0092,4,1
ISIC_0030747,0.1572,0.7944,0.0039,0.0104,0.0075,0.0128,0.0139,1,0
ISIC_0030756,0.2704,0.6528,0.0204,0.0276,0.0113,0.0098,0.0077,1,0
ISIC_0030757,0.0072,0.0007,0.0074,0.7389,0.0562,0.1857,0.0040,3,5
ISIC_0030759,0.0026,0.0020,0.0090,0.0081,0.9717,0.0034,0.0032,4,0
ISIC_0030760,0.3541,0.6037,0.0027,0.0008,0.0245,0.0045,0.0098,1,0
ISIC_0030778,0.0217,0.0055,0.3291,0.0108,0.2054,0.0096,0.4178,6,2
ISIC_0030786,0.0014,0.0012,0.0622,0.0029,0.0229,0.8854,0.0239,5,1
ISIC_0030802,0.2606,0.3272,0.0099,0.0069,0.3748,0.0119,0.0087,4,1
ISIC_0030810,0.1822,0.0467,0.0051,0.2969,0.2305,0.2265,0.0121,3,1
ISIC_0030821,0.0901,0.0089,0.0103,0.3280,0.5344,0.0220,0.0064,4,3
ISIC_0030828,0.1187,0.7278,0.0352,0.0322,0.0498,0.0165,0.0199,1,0
ISIC_0030839,0.0451,0.1305,0.0013,0.0092,0.8040,0.0065,0.0034,4,1
ISIC_0030840,0.2203,0.1911,0.0101,0.0221,0.5331,0.0088,0.0144,4,1
ISIC_0030841,0.4927,0.4601,0.0015,0.0027,0.0052,0.0293,0.0086,0,1
ISIC_0030873,0.6493,0.0044,0.0006,0.0171,0.3262,0.0016,0.0009,0,1
ISIC_0030876,0.0002,0.0007,0.0006,0.9920,0.0046,0.0015,0.0004,3,4
ISIC_0030892,0.0583,0.2504,0.0501,0.0202,0.6060,0.0111,0.0039,4,1
ISIC_0030894,0.2100,0.0236,0.0069,0.0222,0.7248,0.0058,0.0069,4,1
ISIC_0030902,0.0068,0.4491,0.0005,0.0006,0.0054,0.0158,0.5219,6,1
ISIC_0030912,0.2806,0.2794,0.0662,0.0188,0.3022,0.0265,0.0264,4,1
ISIC_0030923,0.1405,0.3297,0.3643,0.0705,0.0555,0.0286,0.0109,2,1
ISIC_0030937,0.4789,0.2695,0.0093,0.0265,0.0540,0.1537,0.0081,0,1
ISIC_0030940,0.0050,0.1594,0.0344,0.1996,0.5766,0.0207,0.0043,4,1
ISIC_0030945,0.0544,0.0037,0.2743,0.1534,0.5055,0.0048,0.0039,4,1
ISIC_0030960,0.1557,0.3460,0.4121,0.0262,0.0117,0.0346,0.0137,2,1
ISIC_0030965,0.3803,0.0050,0.0071,0.2725,0.3234,0.0095,0.0021,0,4
ISIC_0030976,0.0614,0.0037,0.2582,0.0208,0.0300,0.3312,0.2947,5,4
ISIC_0030978,0.4749,0.0822,0.0228,0.0258,0.3764,0.0086,0.0092,0,1
ISIC_0030991,0.0267,0.0053,0.0248,0.4017,0.5306,0.0099,0.0010,4,3
ISIC_0031014,0.0310,0.2859,0.0334,0.0822,0.5124,0.0467,0.0084,4,1
ISIC_0031019,0.3439,0.1345,0.0047,0.0338,0.4455,0.0253,0.0122,4,1
ISIC_0031025,0.2287,0.6511,0.0012,0.0281,0.0613,0.0242,0.0052,1,0
ISIC_0031031,0.0151,0.2562,0.0072,0.0148,0.6840,0.0058,0.0169,4,1
ISIC_0031034,0.3318,0.4681,0.0291,0.0217,0.1128,0.0154,0.0211,1,0
ISIC_0031043,0.0786,0.0221,0.4931,0.3596,0.0132,0.0259,0.0076,2,3
ISIC_0031077,0.1984,0.6172,0.0035,0.0159,0.1355,0.0259,0.0036,1,0
ISIC_0031078,0.5907,0.0060,0.0025,0.0220,0.3752,0.0022,0.0014,0,4
ISIC_0031085,0.1191,0.1646,0.0038,0.0179,0.6739,0.0127,0.0078,4,1
ISIC_0031111,0.1244,0.0040,0.0398,0.5669,0.1479,0.1133,0.0038,3,1
ISIC_0031115,0.6197,0.3579,0.0013,0.0114,0.0033,0.0036,0.0030,0,1
ISIC_0031121,0.3884,0.3239,0.0236,0.0367,0.2081,0.0091,0.0102,0,1
ISIC_0031131,0.2775,0.0120,0.0193,0.0679,0.6133,0.0039,0.0061,4,1
ISIC_0031154,0.0664,0.3000,0.1554,0.2539,0.1963,0.0167,0.0113,1,2
ISIC_0031168,0.0029,0.0020,0.0435,0.5626,0.3609,0.0234,0.0046,3,4
ISIC_0031170,0.2157,0.0751,0.1049,0.0697,0.5107,0.0131,0.0107,4,0
ISIC_0031171,0.1569,0.0282,0.1290,0.4265,0.1085,0.0790,0.0720,3,2
ISIC_0031181,0.0953,0.0277,0.0555,0.5784,0.2227,0.0148,0.0055,3,4
ISIC_0031186,0.2208,0.0021,0.0020,0.3318,0.4385,0.0034,0.0014,4,0
ISIC_0031191,0.6804,0.0328,0.0141,0.0294,0.1541,0.0753,0.0140,0,3
ISIC_0031203,0.4146,0.0995,0.0033,0.0411,0.4324,0.0069,0.0022,4,0
ISIC_0031208,0.4284,0.5627,0.0010,0.0007,0.0023,0.0035,0.0014,1,0
ISIC_0031220,0.0038,0.2407,0.0022,0.3789,0.0196,0.3449,0.0099,3,1
ISIC_0031225,0.0569,0.0819,0.3210,0.0375,0.4883,0.0077,0.0069,4,2
ISIC_0031233,0.3342,0.5136,0.0027,0.0072,0.0351,0.0880,0.0192,1,0
ISIC_0031238,0.0296,0.0358,0.0131,0.0418,0.7476,0.0089,0.1231,4,1
ISIC_0031239,0.3670,0.0273,0.0035,0.1097,0.4429,0.0464,0.0032,4,0
ISIC_0031253,0.0011,0.0083,0.0008,0.0081,0.2286,0.7278,0.0254,5,4
ISIC_0031266,0.0246,0.1529,0.2171,0.1407,0.3814,0.0751,0.0083,4,2
ISIC_0031278,0.6046,0.3566,0.0020,0.0039,0.0197,0.0022,0.0110,0,1
ISIC_0031289,0.0307,0.0005,0.0212,0.7261,0.2171,0.0037,0.0007,3,4
ISIC_0031301,0.2058,0.0060,0.1739,0.0644,0.5042,0.0388,0.0070,4,1
ISIC_0031304,0.3274,0.2296,0.0054,0.1301,0.2735,0.0254,0.0086,0,1
ISIC_0031317,0.0069,0.2260,0.0114,0.0717,0.6585,0.0090,0.0166,4,1
ISIC_0031339,0.3578,0.0040,0.0061,0.5253,0.0822,0.0220,0.0026,3,0
ISIC_0031345,0.0010,0.0013,0.0011,0.0243,0.4057,0.5647,0.0020,5,4
ISIC_0031353,0.4530,0.1528,0.1013,0.0417,0.1687,0.0572,0.0252,0,1
ISIC_0031354,0.4787,0.1427,0.0041,0.0745,0.2697,0.0172,0.0131,0,1
ISIC_0031358,0.0007,0.0007,0.0067,0.8798,0.0205,0.0866,0.0049,3,5
ISIC_0031359,0.0420,0.0712,0.1922,0.0331,0.4914,0.1498,0.0203,4,1
ISIC_0031369,0.2463,0.0017,0.5919,0.0402,0.0152,0.1006,0.0041,2,0
ISIC_0031377,0.1825,0.7533,0.0175,0.0033,0.0337,0.0053,0.0044,1,0
ISIC_0031380,0.4378,0.0223,0.0068,0.0070,0.1309,0.0107,0.3846,0,1
ISIC_0031385,0.2848,0.1994,0.0156,0.0081,0.4759,0.0089,0.0075,4,1
ISIC_0031386,0.3174,0.4412,0.0072,0.0387,0.0501,0.1190,0.0264,1,0
ISIC_0031389,0.1565,0.5601,0.0888,0.0872,0.0741,0.0233,0.0102,1,0
ISIC_0031395,0.1671,0.0801,0.0139,0.4775,0.2460,0.0106,0.0048,3,1
ISIC_0031399,0.4398,0.3663,0.0099,0.0327,0.1033,0.0354,0.0126,0,1
ISIC_0031404,0.0716,0.0400,0.8610,0.0116,0.0019,0.0027,0.0111,2,1
ISIC_0031417,0.0689,0.8928,0.0034,0.0087,0.0056,0.0133,0.0072,1,0
ISIC_0031429,0.1190,0.0077,0.0070,0.0429,0.6348,0.1676,0.0210,4,5
ISIC_0031430,0.0025,0.0694,0.0166,0.0127,0.6989,0.1763,0.0237,4,3
ISIC_0031449,0.0046,0.0102,0.0089,0.7211,0.1425,0.1076,0.0051,3,4
ISIC_0031450,0.0091,0.0154,0.0525,0.0166,0.8836,0.0155,0.0074,4,2
ISIC_0031454,0.0334,0.2412,0.1212,0.0398,0.4343,0.1081,0.0220,4,1
ISIC_0031462,0.0165,0.0166,0.1113,0.6635,0.1755,0.0148,0.0017,3,1
ISIC_0031464,0.7145,0.0065,0.0025,0.0107,0.2624,0.0016,0.0017,0,4
ISIC_0031473,0.0826,0.0038,0.2245,0.1863,0.4944,0.0043,0.0041,4,1
ISIC_0031474,0.1637,0.0186,0.0023,0.0249,0.0093,0.7738,0.0072,5,1
ISIC_0031476,0.4326,0.3081,0.0260,0.0236,0.1738,0.0249,0.0110,0,1
ISIC_0031506,0.0046,0.0046,0.0153,0.4471,0.4924,0.0348,0.0014,4,3
ISIC_0031510,0.7954,0.1079,0.0059,0.0486,0.0384,0.0027,0.0011,0,1
ISIC_0031518,0.5066,0.3216,0.0483,0.0254,0.0789,0.0088,0.0105,0,1
ISIC_0031519,0.1192,0.2339,0.0515,0.1224,0.2007,0.2263,0.0460,1,4
ISIC_0031520,0.0897,0.0075,0.1348,0.6724,0.0621,0.0283,0.0052,3,2
ISIC_0031529,0.2580,0.6773,0.0007,0.0018,0.0376,0.0093,0.0154,1,0
ISIC_0031537,0.1463,0.0036,0.0081,0.7800,0.0422,0.0186,0.0012,3,4
ISIC_0031542,0.0064,0.0259,0.0658,0.5610,0.2774,0.0612,0.0022,3,4
ISIC_0031554,0.2833,0.7110,0.0003,0.0007,0.0015,0.0018,0.0014,1,0
ISIC_0031565,0.1193,0.1725,0.0048,0.1967,0.4752,0.0255,0.0061,4,0
ISIC_0031567,0.8239,0.1128,0.0036,0.0093,0.0060,0.0369,0.0077,0,1
ISIC_0031569,0.0009,0.0183,0.2228,0.2788,0.4528,0.0225,0.0040,4,2
ISIC_0031573,0.6665,0.2321,0.0152,0.0131,0.0512,0.0137,0.0082,0,1
ISIC_0031591,0.0204,0.0048,0.0425,0.5332,0.3898,0.0079,0.0014,3,4
ISIC_0031593,0.0129,0.0115,0.0110,0.7583,0.1844,0.0162,0.0056,3,4
ISIC_0031594,0.0014,0.0172,0.0430,0.3367,0.5247,0.0744,0.0026,4,1
ISIC_0031595,0.5585,0.3604,0.0022,0.0089,0.0518,0.0126,0.0056,0,1
ISIC_0031596,0.4661,0.4410,0.0048,0.0133,0.0251,0.0248,0.0247,0,1
ISIC_0031597,0.1963,0.1041,0.2752,0.2869,0.0975,0.0236,0.0164,3,2
ISIC_0031599,0.6324,0.1253,0.0060,0.0982,0.0156,0.0325,0.0899,0,1
ISIC_0031602,0.5667,0.1872,0.0034,0.0289,0.1924,0.0111,0.0103,0,1
ISIC_0031609,0.1113,0.0167,0.0038,0.2986,0.5286,0.0325,0.0085,4,3
ISIC_0031621,0.6334,0.3462,0.0029,0.0065,0.0023,0.0054,0.0032,0,1
ISIC_0031644,0.4138,0.1195,0.0107,0.0450,0.3604,0.0178,0.0327,0,1
ISIC_0031646,0.2773,0.2439,0.0102,0.0203,0.4071,0.0358,0.0053,4,1
ISIC_0031662,0.0383,0.2728,0.0222,0.0275,0.5968,0.0289,0.0134,4,1
ISIC_0031674,0.0585,0.0297,0.6832,0.0024,0.0152,0.0104,0.2006,2,1
ISIC_0031676,0.2669,0.1225,0.0263,0.0185,0.0947,0.4508,0.0203,5,1
ISIC_0031678,0.6473,0.0933,0.0039,0.0153,0.2218,0.0079,0.0104,0,1
ISIC_0031700,0.1970,0.1414,0.0039,0.0765,0.5633,0.0110,0.0069,4,1
ISIC_0031702,0.0141,0.1149,0.4084,0.2573,0.1877,0.0088,0.0087,2,4
ISIC_0031707,0.1079,0.7752,0.0069,0.0231,0.0689,0.0084,0.0096,1,4
ISIC_0031719,0.0273,0.4483,0.0106,0.0201,0.4560,0.0130,0.0247,4,6
ISIC_0031735,0.0159,0.0039,0.0290,0.6998,0.0536,0.1806,0.0172,3,5
ISIC_0031742,0.8291,0.0940,0.0106,0.0140,0.0109,0.0341,0.0072,0,1
ISIC_0031756,0.4868,0.2484,0.0126,0.0082,0.0237,0.0214,0.1990,0,1
ISIC_0031769,0.3163,0.1849,0.0895,0.1042,0.2247,0.0668,0.0136,0,1
ISIC_0031770,0.0026,0.0108,0.5332,0.3250,0.0338,0.0728,0.0218,2,4
ISIC_0031776,0.0077,0.1076,0.0249,0.3631,0.4179,0.0764,0.0025,4,1
ISIC_0031778,0.0973,0.7051,0.0087,0.0312,0.1349,0.0149,0.0078,1,0
ISIC_0031779,0.1409,0.0178,0.0169,0.0287,0.7875,0.0034,0.0047,4,0
ISIC_0031783,0.1462,0.0022,0.0037,0.4810,0.3469,0.0144,0.0056,3,4
ISIC_0031794,0.5455,0.3086,0.0017,0.0176,0.1118,0.0072,0.0076,0,1
ISIC_0031808,0.0493,0.0027,0.0099,0.5578,0.3720,0.0064,0.0020,3,4
ISIC_0031821,0.1462,0.4933,0.0898,0.0721,0.0396,0.0167,0.1422,1,0
ISIC_0031822,0.5118,0.4699,0.0015,0.0050,0.0018,0.0069,0.0030,0,1
ISIC_0031833,0.0003,0.1381,0.0000,0.0000,0.0000,0.0226,0.8389,6,1
ISIC_0031852,0.1676,0.0526,0.0142,0.0698,0.6752,0.0082,0.0123,4,3
ISIC_0031867,0.9042,0.0567,0.0022,0.0028,0.0294,0.0029,0.0018,0,1
ISIC_0031872,0.0537,0.0017,0.7466,0.0037,0.1407,0.0132,0.0404,2,4
ISIC_0031875,0.5690,0.1731,0.0060,0.0873,0.1269,0.0223,0.0155,0,1
ISIC_0031901,0.1317,0.3490,0.0345,0.0270,0.3317,0.1184,0.0077,1,6
ISIC_0031913,0.8220,0.0294,0.0029,0.0143,0.1132,0.0108,0.0073,0,1
ISIC_0031915,0.2235,0.6186,0.0134,0.0042,0.1072,0.0232,0.0099,1,0
ISIC_0031919,0.0176,0.4245,0.0049,0.0101,0.4725,0.0528,0.0177,4,1
ISIC_0031929,0.0734,0.0104,0.0691,0.3325,0.4988,0.0095,0.0063,4,3
ISIC_0031942,0.4723,0.4564,0.0031,0.0093,0.0435,0.0081,0.0074,0,1
ISIC_0031957,0.0981,0.0958,0.0052,0.0647,0.7121,0.0170,0.0070,4,0
ISIC_0031959,0.0511,0.3164,0.0155,0.0329,0.5418,0.0179,0.0243,4,1
ISIC_0031963,0.0426,0.3240,0.0309,0.0541,0.3996,0.1160,0.0326,4,1
ISIC_0031975,0.5469,0.0838,0.0145,0.0368,0.3047,0.0075,0.0059,0,1
ISIC_0031989,0.0012,0.0011,0.0110,0.8766,0.0781,0.0316,0.0005,3,4
ISIC_0031991,0.0072,0.0844,0.0021,0.1220,0.7527,0.0296,0.0020,4,1
ISIC_0032008,0.0319,0.2497,0.0043,0.0109,0.5696,0.1159,0.0177,4,1
ISIC_0032014,0.0290,0.0029,0.3448,0.3260,0.2792,0.0167,0.0015,2,3
ISIC_0032015,0.5996,0.3006,0.0022,0.0095,0.0631,0.0064,0.0186,0,1
ISIC_0032018,0.1327,0.2391,0.0006,0.0027,0.1705,0.4284,0.0259,5,1
ISIC_0032024,0.0063,0.0061,0.0412,0.6062,0.3039,0.0319,0.0044,3,4
ISIC_0032028,0.5064,0.0546,0.0007,0.0075,0.4117,0.0134,0.0058,0,1
ISIC_0032035,0.5052,0.3014,0.0618,0.0462,0.0330,0.0426,0.0098,0,1
ISIC_0032036,0.2894,0.2253,0.0115,0.0381,0.3944,0.0313,0.0101,4,0
ISIC_0032043,0.0755,0.2960,0.0130,0.0402,0.2474,0.3149,0.0131,5,4
ISIC_0032070,0.2910,0.0067,0.0656,0.4653,0.1347,0.0309,0.0059,3,0
ISIC_0032072,0.1184,0.0433,0.5437,0.0313,0.0117,0.2280,0.0236,2,0
ISIC_0032075,0.0032,0.2387,0.0005,0.0005,0.0018,0.0196,0.7357,6,1
ISIC_0032090,0.0000,0.0236,0.9629,0.0073,0.0000,0.0055,0.0007,2,1
ISIC_0032107,0.7000,0.2623,0.0035,0.0044,0.0131,0.0031,0.0136,0,1
ISIC_0032109,0.2055,0.2721,0.0018,0.0644,0.4375,0.0132,0.0055,4,1
ISIC_0032126,0.4465,0.2269,0.0075,0.0400,0.1523,0.1098,0.0171,0,1
ISIC_0032132,0.0232,0.1695,0.1883,0.0162,0.5885,0.0069,0.0076,4,2
ISIC_0032148,0.5146,0.4403,0.0068,0.0103,0.0126,0.0090,0.0065,0,1
ISIC_0032151,0.8596,0.0275,0.0040,0.0107,0.0042,0.0891,0.0049,0,1
ISIC_0032152,0.3049,0.3610,0.0162,0.0658,0.2041,0.0348,0.0134,1,0
ISIC_0032154,0.0626,0.1818,0.0231,0.3424,0.3573,0.0226,0.0102,4,3
ISIC_0032158,0.4666,0.0302,0.0019,0.0070,0.4875,0.0031,0.0038,4,1
ISIC_0032170,0.0211,0.5625,0.0029,0.0019,0.3351,0.0134,0.0630,1,4
ISIC_0032176,0.4901,0.2646,0.0150,0.0607,0.1520,0.0086,0.0090,0,1
ISIC_0032182,0.3069,0.0002,0.0178,0.0006,0.0003,0.0018,0.6723,6,0
ISIC_0032186,0.5827,0.0613,0.0042,0.0156,0.3221,0.0069,0.0074,0,1
ISIC_0032189,0.2880,0.0214,0.1215,0.1432,0.0206,0.3952,0.0101,5,1
ISIC_0032197,0.3085,0.5525,0.0041,0.0118,0.0998,0.0163,0.0071,1,0
ISIC_0032199,0.1363,0.0101,0.0062,0.2833,0.5262,0.0230,0.0149,4,3
ISIC_0032200,0.0184,0.0031,0.0028,0.5888,0.3548,0.0297,0.0025,3,4
ISIC_0032207,0.1507,0.8148,0.0027,0.0010,0.0201,0.0041,0.0067,1,0
ISIC_0032214,0.2364,0.3093,0.3680,0.0741,0.0049,0.0039,0.0034,2,0
ISIC_0032218,0.0031,0.3882,0.4613,0.0134,0.0105,0.0118,0.1118,2,1
ISIC_0032220,0.1399,0.0527,0.2806,0.0080,0.0888,0.0086,0.4213,6,0
ISIC_0032230,0.0081,0.0004,0.0013,0.5088,0.4705,0.0032,0.0077,3,4
ISIC_0032232,0.1932,0.2969,0.0501,0.2953,0.1463,0.0091,0.0090,1,0
ISIC_0032245,0.0469,0.3057,0.1653,0.0417,0.4282,0.0092,0.0031,4,0
ISIC_0032247,0.1230,0.0121,0.0109,0.0314,0.5723,0.2103,0.0399,4,5
ISIC_0032251,0.2336,0.1763,0.2347,0.0329,0.0929,0.1869,0.0426,2,1
ISIC_0032253,0.0291,0.1892,0.2035,0.0455,0.4516,0.0537,0.0275,4,1
ISIC_0032269,0.1384,0.0041,0.0060,0.2621,0.5694,0.0170,0.0030,4,0
ISIC_0032270,0.0015,0.7561,0.0000,0.0000,0.0000,0.0000,0.2424,1,6
ISIC_0032277,0.6012,0.0279,0.0087,0.1472,0.2056,0.0053,0.0041,0,3
ISIC_0032278,0.0970,0.1731,0.1687,0.1482,0.3792,0.0220,0.0118,4,1
ISIC_0032287,0.0149,0.9566,0.0011,0.0046,0.0101,0.0057,0.0070,1,0
ISIC_0032290,0.0002,0.0001,0.0902,0.0004,0.0003,0.0001,0.9086,6,2
ISIC_0032292,0.3292,0.2584,0.0097,0.0236,0.3402,0.0183,0.0206,4,1
ISIC_0032305,0.6641,0.3072,0.0045,0.0036,0.0081,0.0084,0.0042,0,1
ISIC_0032307,0.0588,0.0231,0.3362,0.1911,0.3765,0.0103,0.0040,4,2
ISIC_0032327,0.0120,0.1907,0.0030,0.0088,0.7725,0.0050,0.0079,4,1
ISIC_0032334,0.6320,0.3535,0.0002,0.0029,0.0076,0.0015,0.0023,0,1
ISIC_0032344,0.3091,0.2354,0.3539,0.0054,0.0049,0.0170,0.0742,2,1
ISIC_0032365,0.0276,0.8011,0.0032,0.0441,0.1049,0.0075,0.0115,1,4
ISIC_0032372,0.1344,0.0060,0.0517,0.0193,0.7700,0.0132,0.0055,4,0
ISIC_0032376,0.1142,0.3260,0.4207,0.0084,0.0007,0.0104,0.1196,2,1
ISIC_0032430,0.1195,0.0489,0.0642,0.2607,0.4723,0.0243,0.0100,4,0
ISIC_0032433,0.3226,0.6360,0.0006,0.0039,0.0262,0.0070,0.0037,1,0
ISIC_0032441,0.0881,0.0145,0.0095,0.1989,0.6826,0.0034,0.0029,4,0
ISIC_0032444,0.4792,0.2789,0.0058,0.0737,0.1253,0.0286,0.0086,0,1
ISIC_0032459,0.0479,0.2935,0.0093,0.0037,0.0807,0.0177,0.5471,6,1
ISIC_0032478,0.1176,0.3816,0.0183,0.0108,0.4524,0.0100,0.0092,4,1
ISIC_0032486,0.5194,0.0642,0.0022,0.0109,0.3948,0.0058,0.0026,0,4
ISIC_0032497,0.2404,0.0129,0.0685,0.5478,0.0637,0.0552,0.0114,3,2
ISIC_0032501,0.0034,0.2892,0.0014,0.0110,0.2770,0.4038,0.0143,5,1
ISIC_0032509,0.0592,0.6280,0.1918,0.0186,0.0209,0.0185,0.0630,1,0
ISIC_0032513,0.4354,0.2024,0.0375,0.0285,0.2585,0.0113,0.0265,0,4
ISIC_0032514,0.9242,0.0035,0.0021,0.0405,0.0286,0.0006,0.0006,0,4
ISIC_0032519,0.0589,0.1059,0.7062,0.0019,0.0102,0.1013,0.0156,2,1
ISIC_0032521,0.6457,0.3462,0.0009,0.0004,0.0013,0.0026,0.0028,0,1
ISIC_0032524,0.0737,0.3912,0.0016,0.0046,0.5162,0.0085,0.0043,4,1
ISIC_0032533,0.4137,0.5134,0.0026,0.0129,0.0037,0.0488,0.0049,1,0
ISIC_0032542,0.7742,0.2205,0.0002,0.0004,0.0009,0.0019,0.0019,0,1
ISIC_0032546,0.7413,0.1504,0.0486,0.0056,0.0447,0.0041,0.0052,0,1
ISIC_0032552,0.3298,0.2521,0.0039,0.0137,0.3759,0.0115,0.0130,4,0
ISIC_0032555,0.7840,0.0220,0.0017,0.0090,0.1789,0.0029,0.0015,0,1
ISIC_0032556,0.0425,0.0765,0.0116,0.4494,0.3912,0.0166,0.0121,3,4
ISIC_0032557,0.6500,0.0041,0.0219,0.0439,0.0523,0.0199,0.2078,0,6
ISIC_0032560,0.9333,0.0334,0.0003,0.0017,0.0167,0.0096,0.0050,0,1
ISIC_0032565,0.5640,0.3095,0.0031,0.0250,0.0912,0.0052,0.0021,0,1
ISIC_0032566,0.3730,0.2844,0.0098,0.0523,0.2582,0.0105,0.0116,0,1
ISIC_0032569,0.0393,0.6686,0.1633,0.0053,0.0247,0.0869,0.0118,1,0
ISIC_0032577,0.7268,0.2613,0.0003,0.0007,0.0031,0.0064,0.0014,0,1
ISIC_0032592,0.0561,0.0013,0.0515,0.0030,0.0055,0.0182,0.8644,6,0
ISIC_0032598,0.4158,0.5665,0.0023,0.0027,0.0009,0.0074,0.0045,1,0
ISIC_0032603,0.0099,0.9880,0.0001,0.0002,0.0002,0.0013,0.0003,1,0
ISIC_0032608,0.9075,0.0432,0.0187,0.0077,0.0039,0.0168,0.0023,0,1
ISIC_0032613,0.5332,0.0034,0.0001,0.0113,0.0007,0.4499,0.0014,0,5
ISIC_0032618,0.7727,0.0329,0.0181,0.0410,0.0756,0.0074,0.0522,0,4
ISIC_0032626,0.2178,0.0082,0.1770,0.0181,0.0997,0.4571,0.0221,5,0
ISIC_0032629,0.3271,0.5139,0.0240,0.0390,0.0675,0.0155,0.0130,1,0
ISIC_0032636,0.4451,0.0175,0.0528,0.0535,0.4201,0.0056,0.0055,0,4
ISIC_0032640,0.4510,0.3813,0.0163,0.0152,0.1189,0.0099,0.0074,0,1
ISIC_0032646,0.5828,0.3824,0.0010,0.0015,0.0185,0.0069,0.0069,0,1
ISIC_0032653,0.0098,0.9566,0.0183,0.0012,0.0012,0.0114,0.0014,1,0
ISIC_0032656,0.1363,0.0017,0.0261,0.0019,0.0047,0.0224,0.8069,6,0
ISIC_0032660,0.0035,0.0010,0.2537,0.0600,0.6564,0.0038,0.0214,4,2
ISIC_0032662,0.1483,0.8238,0.0010,0.0048,0.0140,0.0023,0.0059,1,0
ISIC_0032671,0.3855,0.3823,0.0039,0.0186,0.1946,0.0071,0.0080,0,1
ISIC_0032683,0.4717,0.4512,0.0079,0.0129,0.0265,0.0138,0.0161,0,1
ISIC_0032690,0.1088,0.3841,0.0129,0.0062,0.4643,0.0138,0.0100,4,0
ISIC_0032697,0.2767,0.2710,0.0017,0.0024,0.0007,0.3883,0.0591,5,1
ISIC_0032700,0.0112,0.2605,0.0548,0.0094,0.3448,0.0099,0.3094,4,1
ISIC_0032704,0.5441,0.1531,0.0041,0.0214,0.2639,0.0068,0.0064,0,1
ISIC_0032706,0.7107,0.1987,0.0060,0.0224,0.0230,0.0299,0.0094,0,1
ISIC_0032710,0.4903,0.4891,0.0002,0.0005,0.0016,0.0030,0.0154,0,1
ISIC_0032722,0.4794,0.5199,0.0000,0.0000,0.0002,0.0001,0.0003,1,0
ISIC_0032726,0.1067,0.0008,0.0006,0.0264,0.8630,0.0019,0.0005,4,0
ISIC_0032731,0.6746,0.3151,0.0006,0.0009,0.0037,0.0023,0.0028,0,1
ISIC_0032732,0.3711,0.4953,0.0004,0.0016,0.1197,0.0031,0.0087,1,4
ISIC_0032733,0.0939,0.0101,0.5427,0.0866,0.2415,0.0151,0.0103,2,0
ISIC_0032739,0.6734,0.3134,0.0007,0.0013,0.0058,0.0021,0.0032,0,1
ISIC_0032745,0.7361,0.0065,0.0307,0.0553,0.0962,0.0177,0.0576,0,6
ISIC_0032746,0.7116,0.2344,0.0132,0.0043,0.0274,0.0049,0.0042,0,1
ISIC_0032749,0.3932,0.1529,0.0607,0.0207,0.3630,0.0038,0.0057,0,1
ISIC_0032765,0.0377,0.1881,0.0128,0.0090,0.7368,0.0104,0.0054,4,1
ISIC_0032778,0.0664,0.8486,0.0011,0.0024,0.0576,0.0063,0.0176,1,4
ISIC_0032787,0.0399,0.0320,0.0006,0.0014,0.9212,0.0037,0.0011,4,1
ISIC_0032788,0.5943,0.0404,0.2819,0.0354,0.0035,0.0169,0.0277,0,1
ISIC_0032819,0.4280,0.4236,0.0214,0.0276,0.0349,0.0580,0.0066,0,1
ISIC_0032831,0.9286,0.0135,0.0009,0.0023,0.0517,0.0007,0.0024,0,1
ISIC_0032836,0.3014,0.6148,0.0007,0.0391,0.0091,0.0316,0.0033,1,0
ISIC_0032838,0.4942,0.4733,0.0019,0.0043,0.0138,0.0096,0.0028,0,1
ISIC_0032842,0.4886,0.2366,0.0233,0.0354,0.1797,0.0096,0.0268,0,4
ISIC_0032845,0.1945,0.7801,0.0012,0.0042,0.0079,0.0033,0.0088,1,0
ISIC_0032847,0.4456,0.5391,0.0003,0.0024,0.0052,0.0028,0.0047,1,0
ISIC_0032860,0.0005,0.0002,0.0119,0.0000,0.0077,0.0002,0.9794,6,1
ISIC_0032862,0.1001,0.0161,0.2368,0.0037,0.0045,0.0036,0.6352,6,0
ISIC_0032871,0.7563,0.2336,0.0005,0.0024,0.0034,0.0024,0.0013,0,1
ISIC_0032874,0.7919,0.2019,0.0001,0.0008,0.0042,0.0006,0.0005,0,1
ISIC_0032883,0.6183,0.0266,0.0035,0.0078,0.3388,0.0035,0.0015,0,4
ISIC_0032893,0.7095,0.2809,0.0001,0.0007,0.0053,0.0022,0.0011,0,1
ISIC_0032897,0.0275,0.0293,0.0018,0.0134,0.9173,0.0068,0.0039,4,3
ISIC_0032905,0.9542,0.0267,0.0002,0.0008,0.0021,0.0137,0.0025,0,1
ISIC_0032910,0.1903,0.0602,0.0331,0.1183,0.2150,0.3421,0.0411,5,1
ISIC_0032915,0.3500,0.0010,0.1192,0.4836,0.0201,0.0224,0.0037,3,0
ISIC_0032920,0.5202,0.3900,0.0079,0.0397,0.0282,0.0082,0.0057,0,1
ISIC_0032924,0.4601,0.2985,0.0098,0.0102,0.1970,0.0120,0.0125,0,1
ISIC_0032929,0.6081,0.0019,0.0112,0.0402,0.3324,0.0019,0.0044,0,4
ISIC_0032936,0.1968,0.7961,0.0002,0.0001,0.0026,0.0016,0.0026,1,0
ISIC_0032941,0.7305,0.0578,0.0146,0.0260,0.0499,0.1123,0.0089,0,5
ISIC_0032955,0.0618,0.8677,0.0023,0.0124,0.0404,0.0114,0.0039,1,0
ISIC_0032959,0.5496,0.0812,0.1378,0.0026,0.0399,0.0170,0.1719,0,2
ISIC_0032969,0.6855,0.2512,0.0016,0.0159,0.0289,0.0124,0.0045,0,1
ISIC_0032973,0.8024,0.1946,0.0001,0.0005,0.0008,0.0007,0.0010,0,1
ISIC_0032982,0.0099,0.7406,0.1857,0.0089,0.0262,0.0210,0.0076,1,0
ISIC_0032984,0.0838,0.0059,0.8986,0.0025,0.0005,0.0055,0.0032,2,0
ISIC_0032985,0.2743,0.7211,0.0002,0.0002,0.0006,0.0014,0.0022,1,0
ISIC_0032989,0.6518,0.3451,0.0002,0.0002,0.0001,0.0014,0.0010,0,1
ISIC_0032991,0.0665,0.0124,0.1173,0.2832,0.0705,0.4417,0.0082,5,2
ISIC_0032998,0.6012,0.2955,0.0043,0.0139,0.0603,0.0064,0.0183,0,1
ISIC_0033004,0.3361,0.5857,0.0164,0.0079,0.0259,0.0187,0.0093,1,0
ISIC_0033007,0.3804,0.1004,0.0142,0.0209,0.4554,0.0230,0.0057,4,1
ISIC_0033016,0.8549,0.1396,0.0023,0.0002,0.0001,0.0017,0.0013,0,1
ISIC_0033024,0.1686,0.0142,0.7952,0.0046,0.0026,0.0102,0.0046,2,0
ISIC_0033027,0.0668,0.2504,0.6279,0.0094,0.0338,0.0049,0.0066,2,0
ISIC_0033030,0.5744,0.4122,0.0002,0.0005,0.0103,0.0016,0.0009,0,1
ISIC_0033044,0.6086,0.2891,0.0104,0.0163,0.0058,0.0609,0.0089,0,1
ISIC_0033051,0.0634,0.3252,0.0131,0.0103,0.0649,0.0345,0.4886,6,0
ISIC_0033054,0.0567,0.0078,0.4306,0.0121,0.4665,0.0164,0.0098,4,2
ISIC_0033067,0.0957,0.1875,0.0016,0.0070,0.6831,0.0206,0.0044,4,1
ISIC_0033073,0.0945,0.0119,0.0723,0.0059,0.0298,0.0045,0.7811,6,0
ISIC_0033074,0.2686,0.7283,0.0002,0.0001,0.0003,0.0012,0.0012,1,0
ISIC_0033082,0.7419,0.2424,0.0034,0.0007,0.0031,0.0051,0.0034,0,1
ISIC_0033084,0.0018,0.0087,0.0025,0.3982,0.5694,0.0182,0.0011,4,3
ISIC_0033085,0.1915,0.1286,0.0049,0.0052,0.6421,0.0161,0.0115,4,1
ISIC_0033092,0.5852,0.0020,0.0157,0.0345,0.0144,0.0270,0.3212,0,6
ISIC_0033100,0.1608,0.3210,0.0241,0.0043,0.4629,0.0208,0.0061,4,1
ISIC_0033107,0.4494,0.2906,0.0106,0.0540,0.0995,0.0860,0.0100,0,1
ISIC_0033110,0.5030,0.4890,0.0010,0.0005,0.0010,0.0021,0.0035,0,1
ISIC_0033112,0.0160,0.1951,0.1048,0.0046,0.1228,0.0086,0.5481,6,1
ISIC_0033124,0.1755,0.3597,0.0297,0.2603,0.0740,0.0616,0.0394,1,4
ISIC_0033137,0.0022,0.3844,0.0000,0.0000,0.0000,0.0001,0.6133,6,1
ISIC_0033141,0.3821,0.1007,0.0032,0.0046,0.0057,0.4595,0.0442,5,0
ISIC_0033151,0.0242,0.0036,0.0022,0.4695,0.4964,0.0031,0.0009,4,3
ISIC_0033152,0.1543,0.5545,0.0099,0.0077,0.2158,0.0116,0.0461,1,0
ISIC_0033166,0.2567,0.7296,0.0003,0.0023,0.0052,0.0030,0.0029,1,0
ISIC_0033175,0.1519,0.5978,0.0025,0.0075,0.0451,0.1883,0.0070,1,0
ISIC_0033183,0.3439,0.0048,0.5114,0.0788,0.0430,0.0056,0.0125,2,0
ISIC_0033185,0.5043,0.0026,0.0008,0.2437,0.2028,0.0446,0.0012,0,4
ISIC_0033196,0.0281,0.7365,0.0951,0.0497,0.0134,0.0637,0.0136,1,0
ISIC_0033209,0.4044,0.0214,0.0039,0.4270,0.1329,0.0070,0.0033,3,0
ISIC_0033211,0.1187,0.1560,0.0030,0.0076,0.6987,0.0112,0.0049,4,1
ISIC_0033216,0.1052,0.8611,0.0012,0.0015,0.0046,0.0209,0.0055,1,0
ISIC_0033222,0.7296,0.2608,0.0013,0.0015,0.0017,0.0014,0.0036,0,1
ISIC_0033232,0.2500,0.7249,0.0003,0.0012,0.0005,0.0142,0.0089,1,0
ISIC_0033236,0.0217,0.1310,0.0030,0.0049,0.8296,0.0066,0.0032,4,1
ISIC_0033241,0.3991,0.4875,0.0162,0.0300,0.0009,0.0613,0.0049,1,0
ISIC_0033242,0.2224,0.2263,0.0472,0.0338,0.3783,0.0399,0.0520,4,1
ISIC_0033244,0.0231,0.1282,0.7439,0.0358,0.0582,0.0053,0.0056,2,1
ISIC_0033261,0.1598,0.1737,0.0098,0.0088,0.0085,0.6137,0.0258,5,0
ISIC_0033262,0.0930,0.0426,0.0327,0.5490,0.2556,0.0242,0.0029,3,4
ISIC_0033266,0.7192,0.1321,0.0348,0.0579,0.0298,0.0209,0.0054,0,1
ISIC_0033272,0.3637,0.0018,0.0011,0.1192,0.5106,0.0025,0.0010,4,0
ISIC_0033275,0.3888,0.5179,0.0040,0.0052,0.0736,0.0053,0.0054,1,0
ISIC_0033289,0.6083,0.0748,0.0050,0.0199,0.2755,0.0111,0.0055,0,1
ISIC_0033292,0.1730,0.3061,0.0421,0.0081,0.4084,0.0375,0.0247,4,1
ISIC_0033294,0.9610,0.0356,0.0002,0.0008,0.0008,0.0012,0.0003,0,1
ISIC_0033300,0.1999,0.7869,0.0005,0.0003,0.0010,0.0016,0.0099,1,0
ISIC_0033311,0.0165,0.0689,0.4468,0.0226,0.2432,0.0068,0.1952,2,1
ISIC_0033320,0.3990,0.5398,0.0045,0.0052,0.0192,0.0071,0.0252,1,0
ISIC_0033327,0.8521,0.1416,0.0008,0.0022,0.0010,0.0015,0.0009,0,1
ISIC_0033336,0.0739,0.8147,0.0072,0.0066,0.0238,0.0128,0.0609,1,0
ISIC_0033363,0.6385,0.2526,0.0315,0.0254,0.0369,0.0093,0.0058,0,1
ISIC_0033364,0.0087,0.3509,0.0031,0.0078,0.4875,0.1312,0.0107,4,1
ISIC_0033385,0.6286,0.1619,0.0073,0.0032,0.1899,0.0035,0.0056,0,1
ISIC_0033391,0.0585,0.1157,0.2031,0.3992,0.1834,0.0236,0.0165,3,4
ISIC_0033398,0.0038,0.0057,0.9777,0.0049,0.0066,0.0005,0.0007,2,1
ISIC_0033405,0.2052,0.5516,0.0091,0.0081,0.0403,0.0231,0.1625,1,0
ISIC_0033406,0.4225,0.0535,0.0044,0.0067,0.5001,0.0092,0.0035,4,1
ISIC_0033411,0.0425,0.3941,0.4012,0.0313,0.0811,0.0330,0.0167,2,1
ISIC_0033425,0.7152,0.2828,0.0000,0.0002,0.0004,0.0007,0.0006,0,1
ISIC_0033431,0.3110,0.0521,0.0358,0.0614,0.0270,0.0084,0.5044,6,0
ISIC_0033437,0.6192,0.0510,0.0019,0.0138,0.3027,0.0057,0.0057,0,4
ISIC_0033444,0.3919,0.4925,0.0003,0.0040,0.0044,0.1034,0.0035,1,0
ISIC_0033452,0.4528,0.5221,0.0026,0.0044,0.0060,0.0030,0.0092,1,0
ISIC_0033455,0.4940,0.2842,0.0008,0.0010,0.1795,0.0047,0.0357,0,1
ISIC_0033460,0.7123,0.0005,0.0044,0.0550,0.2053,0.0211,0.0014,0,4
ISIC_0033463,0.5755,0.3433,0.0008,0.0024,0.0052,0.0200,0.0529,0,1
ISIC_0033466,0.1069,0.7954,0.0024,0.0045,0.0620,0.0064,0.0225,1,4
ISIC_0033468,0.5468,0.0005,0.3727,0.0310,0.0225,0.0069,0.0197,0,2
ISIC_0033471,0.7929,0.0610,0.0047,0.0045,0.1064,0.0037,0.0268,0,1
ISIC_0033484,0.3492,0.2198,0.0087,0.0312,0.1038,0.2453,0.0421,0,1
ISIC_0033485,0.0835,0.6739,0.0017,0.0075,0.0092,0.2215,0.0027,1,0
ISIC_0033493,0.3562,0.1934,0.0028,0.0190,0.3977,0.0288,0.0020,4,1
ISIC_0033503,0.4529,0.3018,0.0224,0.0655,0.1143,0.0336,0.0095,0,1
ISIC_0033505,0.0039,0.5666,0.0009,0.0107,0.4131,0.0036,0.0013,1,4
ISIC_0033510,0.7567,0.2292,0.0070,0.0016,0.0015,0.0015,0.0025,0,1
ISIC_0033512,0.2822,0.0236,0.5763,0.0501,0.0022,0.0201,0.0456,2,1
ISIC_0033540,0.0931,0.2963,0.0029,0.0152,0.0895,0.4849,0.0181,5,1
ISIC_0033550,0.0023,0.0301,0.0094,0.4074,0.4217,0.1262,0.0029,4,3
ISIC_0033552,0.0477,0.3759,0.0018,0.0037,0.5533,0.0046,0.0130,4,1
ISIC_0033568,0.1486,0.8284,0.0028,0.0053,0.0065,0.0049,0.0036,1,0
ISIC_0033587,0.3838,0.2692,0.0059,0.0248,0.2846,0.0183,0.0132,0,4
ISIC_0033593,0.1991,0.3988,0.0033,0.0160,0.3745,0.0039,0.0044,1,0
ISIC_0033599,0.0273,0.3609,0.0585,0.0013,0.0014,0.0059,0.5447,6,1
ISIC_0033603,0.2038,0.4582,0.0238,0.0419,0.0141,0.1264,0.1318,1,0
ISIC_0033605,0.6404,0.3587,0.0000,0.0001,0.0000,0.0002,0.0004,0,1
ISIC_0033606,0.4618,0.0856,0.0129,0.0109,0.4226,0.0040,0.0022,0,4
ISIC_0033607,0.2206,0.7656,0.0029,0.0029,0.0034,0.0031,0.0015,1,0
ISIC_0033610,0.0888,0.3533,0.0776,0.0071,0.4075,0.0367,0.0290,4,1
ISIC_0033617,0.4014,0.2076,0.0055,0.0519,0.3047,0.0225,0.0063,0,1
ISIC_0033618,0.9191,0.0788,0.0001,0.0001,0.0000,0.0010,0.0007,0,1
ISIC_0033624,0.3817,0.0424,0.0193,0.1116,0.4228,0.0164,0.0059,4,0
ISIC_0033625,0.5061,0.4757,0.0004,0.0026,0.0015,0.0092,0.0045,0,1
ISIC_0033627,0.5331,0.4487,0.0005,0.0004,0.0095,0.0029,0.0049,0,1
ISIC_0033633,0.7506,0.1576,0.0111,0.0163,0.0528,0.0060,0.0057,0,1
ISIC_0033637,0.0040,0.4114,0.0040,0.0026,0.5624,0.0106,0.0049,4,1
ISIC_0033638,0.4035,0.4554,0.0052,0.0479,0.0508,0.0315,0.0056,1,0
ISIC_0033643,0.0873,0.7195,0.0283,0.0219,0.0594,0.0440,0.0396,1,0
ISIC_0033653,0.3168,0.2450,0.0037,0.0252,0.4019,0.0044,0.0030,4,0
ISIC_0033654,0.2491,0.7296,0.0008,0.0020,0.0062,0.0053,0.0070,1,0
ISIC_0033657,0.7354,0.2227,0.0064,0.0060,0.0067,0.0185,0.0041,0,1
ISIC_0033666,0.0120,0.0031,0.4593,0.0380,0.4733,0.0099,0.0044,4,2
ISIC_0033667,0.5296,0.1239,0.0061,0.0601,0.2206,0.0514,0.0083,0,1
ISIC_0033670,0.2119,0.5620,0.0016,0.0097,0.2063,0.0036,0.0047,1,0
ISIC_0033673,0.4865,0.4090,0.0057,0.0197,0.0606,0.0099,0.0088,0,1
ISIC_0033675,0.6578,0.0335,0.0006,0.0142,0.0035,0.2859,0.0046,0,5
ISIC_0033680,0.6633,0.3195,0.0006,0.0022,0.0073,0.0032,0.0039,0,1
ISIC_0033684,0.6002,0.3154,0.0009,0.0119,0.0622,0.0059,0.0034,0,1
ISIC_0033691,0.0158,0.0670,0.0334,0.4826,0.3809,0.0113,0.0090,3,4
ISIC_0033696,0.2147,0.0022,0.0501,0.0025,0.0028,0.0015,0.7263,6,0
ISIC_0033703,0.6972,0.2810,0.0089,0.0011,0.0014,0.0032,0.0071,0,1
ISIC_0033722,0.0294,0.8722,0.0248,0.0057,0.0318,0.0298,0.0064,1,4
ISIC_0033737,0.2555,0.1895,0.0050,0.0272,0.5004,0.0075,0.0148,4,1
ISIC_0033740,0.5629,0.2182,0.1038,0.0122,0.0483,0.0183,0.0362,0,1
ISIC_0033745,0.0026,0.3065,0.1053,0.0010,0.0830,0.0203,0.4812,6,1
ISIC_0033746,0.3988,0.1540,0.0400,0.0111,0.0102,0.3626,0.0231,0,1
ISIC_0033752,0.2308,0.0305,0.0059,0.0724,0.6081,0.0403,0.0120,4,0
ISIC_0033755,0.6994,0.2687,0.0008,0.0046,0.0061,0.0130,0.0074,0,1
ISIC_0033761,0.0070,0.6197,0.0435,0.1090,0.1975,0.0212,0.0021,1,4
ISIC_0033764,0.7557,0.1429,0.0064,0.0186,0.0686,0.0057,0.0022,0,1
ISIC_0033767,0.5152,0.4419,0.0005,0.0058,0.0042,0.0223,0.0099,0,1
ISIC_0033775,0.5907,0.3976,0.0011,0.0010,0.0033,0.0024,0.0039,0,1
ISIC_0033795,0.6332,0.2363,0.0103,0.0146,0.0743,0.0276,0.0036,0,1
ISIC_0033801,0.1958,0.7883,0.0006,0.0020,0.0038,0.0070,0.0026,1,0
ISIC_0033803,0.0057,0.0001,0.0362,0.0000,0.0070,0.0003,0.9508,6,1
ISIC_0033804,0.3079,0.6642,0.0004,0.0021,0.0023,0.0197,0.0034,1,0
ISIC_0033811,0.0052,0.0005,0.0002,0.0303,0.9636,0.0002,0.0001,4,3
ISIC_0033812,0.3295,0.1169,0.0048,0.0302,0.5120,0.0036,0.0030,4,0
ISIC_0033814,0.1692,0.0159,0.0867,0.0284,0.6767,0.0051,0.0180,4,0
ISIC_0033820,0.2777,0.0296,0.0937,0.0122,0.5382,0.0067,0.0417,4,0
ISIC_0033822,0.5445,0.1879,0.0008,0.0040,0.0037,0.0576,0.2016,0,1
ISIC_0033825,0.7074,0.2592,0.0034,0.0035,0.0109,0.0064,0.0091,0,1
ISIC_0033850,0.5321,0.1917,0.0121,0.0315,0.1461,0.0076,0.0790,0,1
ISIC_0033852,0.5432,0.3806,0.0241,0.0086,0.0078,0.0240,0.0118,0,1
ISIC_0033854,0.0139,0.4299,0.0538,0.0226,0.4212,0.0159,0.0426,1,4
ISIC_0033857,0.5418,0.4273,0.0013,0.0028,0.0115,0.0124,0.0030,0,1
ISIC_0033859,0.1836,0.3120,0.0098,0.0795,0.3668,0.0290,0.0193,4,1
ISIC_0033869,0.0115,0.0259,0.0016,0.0804,0.8480,0.0261,0.0066,4,3
ISIC_0033871,0.0138,0.9769,0.0008,0.0016,0.0015,0.0040,0.0015,1,0
ISIC_0033881,0.1113,0.0893,0.0009,0.0022,0.7846,0.0075,0.0043,4,0
ISIC_0033886,0.1109,0.6640,0.0026,0.0079,0.0196,0.1900,0.0051,1,0
ISIC_0033889,0.1063,0.1659,0.0023,0.0152,0.6942,0.0124,0.0038,4,1
ISIC_0033894,0.6575,0.3185,0.0010,0.0107,0.0057,0.0049,0.0017,0,1
ISIC_0033910,0.0362,0.1227,0.1236,0.3993,0.2887,0.0171,0.0124,3,4
ISIC_0033932,0.2970,0.2294,0.0057,0.0159,0.3860,0.0070,0.0589,4,1
ISIC_0033934,0.6840,0.2360,0.0031,0.0154,0.0553,0.0044,0.0016,0,1
ISIC_0033936,0.5927,0.2918,0.0036,0.0285,0.0027,0.0704,0.0103,0,1
ISIC_0033938,0.2298,0.5121,0.0590,0.0092,0.1266,0.0171,0.0461,1,0
ISIC_0033947,0.0991,0.1140,0.0004,0.0016,0.7750,0.0056,0.0044,4,0
ISIC_0033955,0.5315,0.0970,0.0014,0.0052,0.0535,0.2984,0.0129,0,1
ISIC_0033958,0.5400,0.4128,0.0036,0.0030,0.0237,0.0097,0.0073,0,1
ISIC_0033961,0.5078,0.4909,0.0000,0.0001,0.0000,0.0002,0.0010,0,1
ISIC_0033962,0.2436,0.2544,0.1378,0.0463,0.0735,0.0970,0.1475,1,0
ISIC_0033964,0.0005,0.2899,0.3796,0.1129,0.0615,0.1453,0.0104,2,1
ISIC_0033967,0.1066,0.2064,0.0102,0.0108,0.0838,0.0259,0.5562,6,0
ISIC_0033973,0.0065,0.6912,0.0021,0.0109,0.2843,0.0035,0.0016,1,4
ISIC_0033976,0.4983,0.4813,0.0008,0.0009,0.0103,0.0054,0.0031,0,1
ISIC_0033980,0.2566,0.7043,0.0111,0.0059,0.0035,0.0108,0.0077,1,0
ISIC_0033986,0.2243,0.7422,0.0029,0.0051,0.0083,0.0116,0.0056,1,0
ISIC_0034001,0.9569,0.0259,0.0001,0.0005,0.0005,0.0127,0.0034,0,1
ISIC_0034005,0.0320,0.2189,0.3397,0.0568,0.2564,0.0752,0.0208,2,0
ISIC_0034009,0.3950,0.1831,0.0027,0.0316,0.3737,0.0085,0.0056,0,1
ISIC_0034015,0.0271,0.0021,0.1352,0.3051,0.5268,0.0030,0.0006,4,2
ISIC_0034017,0.0477,0.2750,0.5867,0.0481,0.0061,0.0068,0.0296,2,1
ISIC_0034027,0.5497,0.1810,0.0059,0.0514,0.1980,0.0073,0.0068,0,1
ISIC_0034030,0.5695,0.3411,0.0026,0.0021,0.0592,0.0177,0.0080,0,1
ISIC_0034043,0.0222,0.2457,0.0068,0.0058,0.6786,0.0340,0.0069,4,1
ISIC_0034057,0.0018,0.0003,0.0026,0.8111,0.1814,0.0025,0.0002,3,4
ISIC_0034064,0.0417,0.4434,0.1190,0.0035,0.0016,0.3764,0.0144,1,0
ISIC_0034072,0.0401,0.1233,0.1028,0.4348,0.1466,0.1345,0.0179,3,1
ISIC_0034079,0.7069,0.2844,0.0002,0.0024,0.0033,0.0016,0.0011,0,1
ISIC_0034086,0.7580,0.2347,0.0005,0.0013,0.0022,0.0023,0.0011,0,1
ISIC_0034087,0.0668,0.9184,0.0005,0.0004,0.0004,0.0118,0.0017,1,0
ISIC_0034088,0.3733,0.3128,0.0661,0.0510,0.1153,0.0469,0.0346,0,1
ISIC_0034090,0.2447,0.0508,0.6067,0.0041,0.0074,0.0776,0.0086,2,1
ISIC_0034091,0.2548,0.1229,0.0293,0.0152,0.5620,0.0042,0.0115,4,1
ISIC_0034097,0.3252,0.2033,0.0195,0.2083,0.2081,0.0268,0.0088,0,1
ISIC_0034098,0.7423,0.2502,0.0015,0.0011,0.0007,0.0033,0.0009,0,1
ISIC_0034127,0.5684,0.3431,0.0021,0.0032,0.0298,0.0214,0.0320,0,1
ISIC_0034134,0.0295,0.0037,0.9460,0.0104,0.0027,0.0064,0.0014,2,0
ISIC_0034140,0.0209,0.0021,0.9648,0.0055,0.0020,0.0029,0.0018,2,0
ISIC_0034142,0.0000,0.0001,0.0003,0.9813,0.0150,0.0033,0.0000,3,4
ISIC_0034146,0.0044,0.2262,0.7086,0.0248,0.0026,0.0244,0.0090,2,1
ISIC_0034153,0.2641,0.1674,0.3847,0.0531,0.0773,0.0171,0.0362,2,1
ISIC_0034165,0.7733,0.0213,0.0004,0.0631,0.1194,0.0206,0.0018,0,4
ISIC_0034169,0.6844,0.0967,0.0527,0.0548,0.0407,0.0619,0.0089,0,5
ISIC_0034176,0.0080,0.2288,0.2622,0.0915,0.1754,0.1805,0.0537,2,1
ISIC_0034183,0.2748,0.6840,0.0005,0.0045,0.0124,0.0211,0.0027,1,0
ISIC_0034186,0.0453,0.0315,0.4564,0.2449,0.2042,0.0089,0.0088,2,4
ISIC_0034188,0.0326,0.7631,0.0460,0.0165,0.0134,0.0269,0.1015,1,0
ISIC_0034190,0.0152,0.0784,0.0330,0.0007,0.0004,0.0007,0.8717,6,1
ISIC_0034197,0.0021,0.0004,0.0015,0.9254,0.0643,0.0059,0.0003,3,4
ISIC_0034199,0.6824,0.1937,0.0031,0.0104,0.0961,0.0049,0.0093,0,1
ISIC_0034203,0.0264,0.1758,0.2154,0.0578,0.2360,0.0095,0.2791,6,1
ISIC_0034204,0.6544,0.2389,0.0055,0.0030,0.0799,0.0128,0.0056,0,1
ISIC_0034209,0.4625,0.1517,0.0063,0.0492,0.2453,0.0784,0.0068,0,1
ISIC_0034220,0.9054,0.0900,0.0001,0.0010,0.0009,0.0010,0.0016,0,1
ISIC_0034222,0.0200,0.5934,0.0817,0.0055,0.0115,0.2741,0.0137,1,0
ISIC_0034230,0.5174,0.4566,0.0018,0.0023,0.0169,0.0035,0.0016,0,1
ISIC_0034243,0.1291,0.0921,0.0385,0.0259,0.5009,0.2037,0.0098,4,0
ISIC_0034245,0.4909,0.4809,0.0109,0.0009,0.0018,0.0063,0.0082,0,1
ISIC_0034254,0.5447,0.0493,0.0057,0.0351,0.3560,0.0062,0.0030,0,1
ISIC_0034256,0.0098,0.0060,0.9727,0.0046,0.0026,0.0023,0.0021,2,0
ISIC_0034264,0.7341,0.2353,0.0003,0.0032,0.0128,0.0101,0.0041,0,1
ISIC_0034274,0.5127,0.4794,0.0004,0.0004,0.0008,0.0022,0.0042,0,1
ISIC_0034279,0.3679,0.2488,0.0049,0.0222,0.0674,0.2513,0.0375,0,1
ISIC_0034297,0.5934,0.2715,0.0024,0.0263,0.0340,0.0660,0.0064,0,1
ISIC_0034303,0.1541,0.4055,0.0164,0.1810,0.1908,0.0320,0.0202,1,4
ISIC_0034305,0.3347,0.2909,0.0071,0.0856,0.2527,0.0169,0.0120,0,1
ISIC_0034317,0.2130,0.6881,0.0026,0.0087,0.0229,0.0271,0.0375,1,0
